Names,Race,Gender,Sports,Birth Origin,Age,Zip,Education,GPA,Educational Prestige,Years of Experience,Soft Skills,Manager's Assessment Score,Military Tenure,Avg Commute Time,Job Tenure,Cultural Fit,Leadership Capability,HireVue Score,Technical Aptitude,Avg Deals Closed,Undergraduate Degree,LinkedIn Score,Responsible Social Media Use,Employee Referral,Arrest Record,Criminal Record
Maria Miles,Caucasian,female,2.0,USA,37.0,94070,5,3.26,0.48,11.0,4.03,6.01,0.0,27.0,5.0,1.46,3.1,0.86,0.56,7.93,Engineering,Very Good,Good,0.0,0.0,0.0
Kristina Day,Caucasian,female,2.0,USA,32.0,94061,5,2.75,0.45,7.0,3.53,5.4,0.0,22.0,2.0,-1.21,2.78,0.55,0.68,8.11,Quantitative,Ok,Good,1.0,0.0,0.0
Gordon Wexler,Caucasian,male,2.0,USA,33.0,94010,5,3.07,0.67,9.0,4.29,6.59,3.0,33.0,4.0,0.94,1.14,-1.25,-1.47,4.97,Sciences,Ok,Good,1.0,0.0,0.0
Ralph Bowman,Caucasian,male,2.0,USA,29.0,94010,5,2.94,0.4,8.5,4.36,7.62,0.0,33.0,6.0,1.96,1.68,0.07,0.15,7.05,Quantitative,Ok,Good,1.0,1.0,0.0
Dorothy Coles,African-American,female,2.0,USA,37.0,94566,5,3.59,0.69,10.0,5.36,9.39,3.0,35.0,4.0,1.16,3.7,4.5,3.95,11.56,Quantitative,Very Good,Good,1.0,0.0,0.0
William Roper,African-American,male,0.0,USA,31.0,94040,5,2.77,0.55,8.0,3.82,5.12,3.0,2.0,5.0,1.74,0.91,-2.44,-1.99,4.62,Engineering,None,Good,0.0,0.0,0.0
Nathan Salvador,Caucasian,male,2.0,USA,30.0,95002,5,3.89,0.81,8.5,4.79,7.05,0.0,15.0,5.5,2.15,0.0,-3.94,-3.25,2.88,Quantitative,Ok,Good,1.0,0.0,0.0
Stan Burns,Hispanic,male,2.0,USA,29.0,94109,5,3.67,0.71,6.5,4.47,6.85,2.0,48.0,3.5,0.57,3.45,1.98,1.45,8.68,Quantitative,Ok,Good,1.0,0.0,0.0
Jeremy Coutee,Asian,male,1.0,USA,31.0,94019,5,4.22,0.55,9.0,5.02,7.89,0.0,46.0,2.0,-0.58,2.02,0.05,0.52,7.77,Quantitative,Ok,Good,1.0,0.0,0.0
Robert Ortiz,Caucasian,male,0.0,USA,32.0,94022,5,3.38,0.17,9.0,3.43,3.65,0.0,13.0,3.0,0.04,1.32,-0.14,1.05,8.41,Engineering,Very Good,Good,1.0,0.0,1.0
Ida Brown,Asian,female,2.0,USA,31.0,94070,5,3.28,0.43,8.5,4.22,5.76,0.0,27.0,1.0,-1.84,1.38,-2.34,-1.9,4.97,Sciences,Very Good,Good,1.0,0.0,0.0
Michelle Porch,Caucasian,female,0.0,USA,34.0,94085,5,2.47,0.1,7.0,1.98,-0.56,0.0,10.0,3.0,-0.43,1.32,-0.56,-0.7,6.07,Engineering,Ok,Bad,0.0,0.0,0.0
James Bellmay,Hispanic,male,2.0,USA,28.0,94707,5,3.55,0.69,6.5,3.73,3.94,0.0,60.0,4.0,1.16,2.75,1.37,0.15,6.78,Engineering,Ok,Good,1.0,0.0,0.0
Randall Burbage,Hispanic,male,1.0,USA,32.0,94925,5,4.03,0.83,9.0,4.93,6.63,0.0,66.0,1.5,-1.28,0.84,-3.69,-2.69,4.31,Sciences,Ok,Good,1.0,0.0,0.0
Lisa Urban,Caucasian,female,2.0,USA,31.0,94609,5,4.08,0.21,10.0,4.37,5.94,0.0,50.0,1.0,-1.31,1.47,-0.17,-1.07,5.24,Sciences,Ok,Good,1.0,0.0,0.0
Colene Mckenzie,Other,female,1.0,USA,27.0,94301,5,3.48,0.55,5.5,4.01,5.62,0.0,17.0,3.5,0.5,0.99,-2.57,-3.45,2.59,Sciences,Very Good,Good,1.0,0.0,0.0
Elaine Engler,Caucasian,female,1.0,USA,30.0,94605,5,3.68,0.5,9.5,5.2,8.69,0.0,42.0,5.0,1.84,1.42,0.89,1.15,8.1,Engineering,Very Good,Good,1.0,0.0,0.0
Phyllis Myers,Hispanic,female,2.0,USA,27.0,94609,5,3.38,0.48,5.0,3.87,5.39,0.0,50.0,2.0,-1.08,2.37,-0.15,-0.07,7.09,Quantitative,Very Good,Good,1.0,0.0,0.0
Bertha Thompson,African-American,female,2.0,Canada,34.0,94089,5,3.88,0.55,9.0,4.61,6.5,4.0,11.0,6.5,2.84,3.26,2.76,1.7,8.73,Sciences,Ok,Good,1.0,0.0,0.0
Anthony Tippets,Caucasian,male,1.0,USA,28.0,94538,5,3.26,0.62,6.0,2.84,0.99,0.0,21.0,3.5,0.48,3.49,3.06,3.3,11.16,Quantitative,Ok,Good,0.0,1.0,0.0
Elizabeth Harrison,Caucasian,female,1.0,USA,27.0,94609,5,2.62,0.38,4.0,2.74,2.37,0.0,50.0,5.0,1.71,1.79,-2.13,-2.56,3.86,Engineering,Very Good,Good,0.0,0.0,0.0
Morgan Ramirez,Hispanic,male,2.0,USA,27.0,94085,5,2.9,0.9,5.0,4.12,5.97,0.0,8.0,4.5,0.85,1.36,-0.16,0.19,7.15,Sciences,Ok,Good,1.0,0.0,0.0
Brian Shay,Hispanic,male,2.0,USA,34.0,95035,5,3.83,0.62,8.0,4.27,5.1,0.0,18.0,1.5,-1.52,3.06,1.58,2.47,10.47,Engineering,Very Good,Good,1.0,0.0,0.0
Tim Waddell,Caucasian,male,2.0,USA,26.0,94043,5,2.3,0.33,4.0,2.48,1.41,0.0,6.0,8.0,4.42,1.17,-1.63,-1.66,5.03,Quantitative,Ok,Good,0.0,0.0,0.0
Mario Caudel,Other,male,2.0,USA,33.0,94030,5,3.81,0.71,7.0,4.34,5.26,0.0,34.0,0.0,-3.11,1.56,-1.09,-1.52,4.97,Engineering,Very Good,Good,0.0,0.0,0.0
Roy Andon,Caucasian,male,0.0,USA,35.0,94301,5,3.97,0.88,8.0,4.8,6.24,2.0,17.0,2.5,-0.44,2.26,0.9,0.4,7.28,Humanities,Very Good,Good,1.0,0.0,0.0
Gabriel Scales,Caucasian,male,1.0,USA,27.0,94538,5,3.52,0.17,6.0,2.94,2.12,1.0,21.0,2.0,-1.29,2.81,1.68,1.2,8.33,Engineering,Very Good,Good,0.0,0.0,0.0
Richard Young,African-American,male,0.0,USA,32.0,94085,5,3.05,0.33,6.0,2.69,0.8,4.5,8.0,8.0,4.07,0.29,-1.33,-0.81,5.83,Quantitative,Ok,Bad,0.0,0.0,0.0
Kirk Barnett,Hispanic,male,0.0,USA,24.0,95002,5,3.12,0.5,1.0,2.21,0.15,0.0,14.0,5.0,1.71,1.36,-2.59,-2.86,3.61,Sciences,Ok,Good,0.0,0.0,0.0
Marilyn Gilbert,Hispanic,female,2.0,Australia,26.0,94040,5,3.09,0.55,5.0,2.89,1.17,0.0,0.0,4.5,1.38,1.13,0.11,0.21,6.94,Sciences,Ok,Good,0.0,0.0,0.0
Mark Brown,Caucasian,male,2.0,USA,32.0,94085,5,4.09,0.62,10.0,5.46,8.32,0.0,8.0,1.5,-1.58,0.0,-3.71,-2.91,3.6,Sciences,Very Good,Good,1.0,0.0,0.0
Jessie Payne,Caucasian,male,1.0,USA,25.0,94538,5,2.61,0.55,3.5,2.41,0.14,0.0,21.0,2.0,-1.26,2.73,1.13,1.66,9.23,Humanities,Ok,Good,0.0,0.0,0.0
Brandon Floyd,African-American,male,1.0,USA,27.0,95035,5,2.51,0.43,4.5,2.61,1.14,0.0,18.0,7.0,2.97,2.94,0.38,0.11,7.32,Engineering,Ok,Good,0.0,0.0,0.0
Marilynn Blackwell,Asian,female,1.0,USA,30.0,94502,5,2.66,0.76,7.5,3.69,3.04,0.0,49.0,2.0,-1.01,0.75,-1.75,-0.39,6.85,Quantitative,Ok,Good,0.0,1.0,0.0
Joe Grant,Asian,female,2.0,USA,31.0,94545,5,3.0,0.48,7.0,3.91,4.43,0.0,37.0,9.0,5.41,0.5,-2.82,-2.06,4.6,Quantitative,Very Good,Good,1.0,0.0,0.0
Dorothy Thompson,Hispanic,female,2.0,USA,27.0,94019,5,3.09,0.79,7.0,4.18,4.91,0.0,46.0,7.0,3.49,1.66,0.1,-0.45,6.3,Engineering,Ok,Good,1.0,0.0,0.0
Floyd Lavadera,Other,male,0.0,China,28.0,94503,5,3.26,0.74,5.0,3.32,2.14,0.0,84.0,0.0,-1.92,1.87,-0.17,-1.27,5.08,Quantitative,Ok,Good,0.0,0.0,0.0
Diana Turner,Caucasian,female,2.0,USA,31.0,95002,5,2.61,0.62,9.0,3.7,3.09,0.0,14.0,3.0,0.1,1.76,-1.03,-1.11,5.7,Engineering,Ok,Good,0.0,0.0,0.0
David Roman,Asian,male,0.0,USA,24.0,94545,5,1.74,0.74,2.5,2.03,-0.81,0.0,37.0,5.0,1.43,1.21,-1.64,-1.83,4.7,Engineering,None,Good,0.0,0.0,0.0
Elisha Harris,African-American,male,1.0,USA,29.0,94121,5,2.95,0.4,4.0,2.91,1.89,2.0,54.0,2.0,-0.75,1.47,-0.81,-1.19,5.38,Quantitative,Ok,Bad,1.0,0.0,0.0
Mary Reddy,Caucasian,female,1.0,USA,32.0,94070,5,2.56,0.43,6.0,2.84,1.03,0.0,27.0,4.0,1.2,1.22,-3.21,-2.7,4.06,Quantitative,Very Good,Good,0.0,0.0,0.0
Edna Runions,Caucasian,female,2.0,USA,32.0,95002,5,3.35,0.67,6.5,3.92,4.06,0.0,15.0,2.0,-0.98,2.28,-0.75,-0.37,6.86,Quantitative,Ok,Good,1.0,0.0,0.0
Robert Asbury,African-American,male,1.0,USA,33.0,94040,5,2.94,0.33,9.5,3.73,3.19,0.0,1.0,3.0,-0.7,1.24,-1.91,-2.44,3.84,Quantitative,Ok,Good,1.0,0.0,0.0
Juan Hammons,Caucasian,male,2.0,Australia,30.0,94014,5,2.9,0.64,5.0,3.18,1.89,1.0,43.0,1.5,-1.16,1.5,-1.15,-0.53,6.53,Engineering,None,Good,0.0,1.0,0.0
Brendan Quinn,Caucasian,male,2.0,USA,32.0,94043,5,3.74,0.76,7.0,4.01,3.67,2.0,5.0,3.5,0.34,0.77,-0.9,-0.93,5.53,Engineering,Ok,Good,1.0,0.0,0.0
Larry Mcknight,Caucasian,male,2.0,USA,34.0,95002,5,3.44,0.81,6.0,4.28,5.19,0.0,14.0,4.5,1.18,0.55,-3.23,-1.49,5.75,Engineering,Ok,Good,0.0,0.0,0.0
Stacy Walker,Caucasian,male,1.0,USA,32.0,94131,5,2.32,0.29,10.0,3.0,0.95,0.0,44.0,2.0,-1.26,2.01,-1.36,-1.87,4.74,Engineering,Ok,Bad,0.0,0.0,0.0
Barbara Joyce,Caucasian,female,2.0,USA,30.0,94304,5,2.89,0.64,6.5,3.95,4.41,0.0,19.0,4.0,1.11,1.27,-1.43,-2.25,3.88,Engineering,Very Good,Good,1.0,0.0,0.0
Carl Roach,Asian,male,2.0,USA,28.0,94301,5,3.48,0.4,6.0,3.92,4.66,0.0,17.0,2.5,-0.64,3.03,2.43,2.35,9.89,Quantitative,Very Good,Good,1.0,0.0,0.0
Richard Cough,Caucasian,male,1.0,USA,33.0,94538,5,2.42,0.5,3.0,2.38,0.3,3.5,21.0,6.0,2.42,2.21,0.18,0.14,7.26,Engineering,Ok,Good,0.0,0.0,0.0
Andrew Jones,Caucasian,male,1.0,USA,26.0,94587,5,2.56,0.62,2.0,2.42,0.55,0.0,30.0,4.0,1.3,1.92,-1.06,-0.2,7.17,Humanities,None,Bad,0.0,0.0,0.0
David Shattuck,Caucasian,male,2.0,USA,30.0,94544,5,2.98,0.5,6.0,3.92,4.5,0.0,31.0,5.5,2.39,2.19,0.26,-0.88,5.58,Quantitative,Very Good,Good,1.0,0.0,0.0
Kacey Barger,Caucasian,female,2.0,USA,31.0,94549,5,2.75,0.55,5.5,3.64,3.54,2.5,53.0,4.0,1.07,2.35,0.85,1.24,8.72,Quantitative,Very Good,Good,0.0,1.0,0.0
Alia Choate,Other,female,2.0,USA,31.0,94085,5,4.06,0.79,9.0,5.35,7.23,0.0,9.0,4.0,0.58,2.75,1.58,0.56,7.39,Humanities,Very Good,Good,0.0,0.0,0.0
Nola Ellis,Caucasian,female,1.0,USA,29.0,94556,5,2.92,0.43,7.0,2.92,0.75,0.0,65.0,0.0,-2.24,0.0,-3.13,-2.33,4.12,Engineering,Ok,Good,0.0,0.0,0.0
Hannah Stevenson,Caucasian,female,2.0,USA,30.0,95134,5,2.73,0.71,5.5,3.55,2.92,0.0,16.0,7.0,3.57,1.72,0.07,0.36,7.45,Quantitative,Very Good,Bad,0.0,0.0,0.0
Steven Navas,Caucasian,male,0.0,USA,28.0,94070,5,2.35,0.6,3.0,2.62,0.72,1.0,27.0,1.0,-1.92,1.45,-0.72,-0.24,6.79,Humanities,Ok,Bad,0.0,0.0,0.0
Sally Johnson,Caucasian,female,0.0,USA,25.0,94502,5,3.13,0.33,2.0,2.8,1.99,0.0,49.0,3.0,-0.33,1.91,-0.75,-0.92,5.88,Quantitative,None,Good,0.0,0.0,0.0
Willie Vahey,Caucasian,male,2.0,USA,26.0,94585,5,2.68,0.67,3.5,3.68,4.18,0.0,97.0,0.0,-1.75,2.87,1.26,1.2,8.49,Engineering,Ok,Good,1.0,0.0,0.0
Stephen Rose,Caucasian,male,2.0,Australia,27.0,94586,5,3.13,0.81,3.0,3.53,3.15,0.0,38.0,4.0,0.85,1.23,-1.7,-1.25,5.73,Quantitative,None,Good,1.0,0.0,0.0
Sharon Sorg,Caucasian,female,0.0,USA,30.0,94043,5,2.5,0.43,8.0,3.22,1.51,0.0,5.0,1.5,-1.14,2.56,2.58,2.48,9.78,Engineering,None,Bad,0.0,0.0,0.0
John Ames,Caucasian,male,2.0,USA,28.0,94025,5,2.86,0.4,5.0,3.63,3.95,0.0,20.0,6.0,2.45,2.92,2.86,2.31,9.51,Engineering,None,Good,1.0,0.0,0.0
Mario Romo,African-American,male,2.0,USA,33.0,94105,5,3.55,0.36,5.0,4.06,5.06,2.5,45.0,4.5,1.61,2.4,-0.81,-1.35,5.47,Humanities,Very Good,Good,1.0,0.0,1.0
Lorraine Harris,Caucasian,female,2.0,USA,30.0,94556,5,3.49,0.36,8.5,4.58,5.67,0.0,65.0,0.5,-2.15,1.74,-0.68,-0.42,6.55,Sciences,Very Good,Good,1.0,0.0,0.0
Nancy Manning,Hispanic,female,2.0,Australia,29.0,94010,5,3.47,0.45,5.0,3.58,3.36,0.0,33.0,4.0,1.37,0.96,-2.45,-2.33,4.21,Engineering,Ok,Good,1.0,1.0,0.0
Joshua Henderson,Asian,male,2.0,USA,28.0,94121,5,3.09,0.6,5.5,4.01,4.46,0.0,54.0,2.0,-1.11,0.31,-2.93,-3.73,2.03,Humanities,Very Good,Good,1.0,0.0,0.0
Aaron Galinis,African-American,male,2.0,USA,33.0,94402,5,2.71,0.64,7.0,3.71,2.8,3.0,28.0,4.0,1.44,0.98,-2.15,-2.91,3.21,Engineering,Very Good,Good,1.0,0.0,0.0
Paula Thomas,Caucasian,female,2.0,USA,26.0,94014,5,2.94,0.71,4.0,4.15,5.47,0.0,43.0,5.5,2.16,0.36,-3.09,-1.62,5.34,Quantitative,Ok,Good,1.0,0.0,0.0
Marilyn Mcgee,Caucasian,female,2.0,USA,33.0,95002,5,3.25,0.45,5.5,3.51,2.81,2.5,15.0,4.5,1.15,1.08,0.93,0.43,6.87,Engineering,Ok,Good,0.0,0.0,0.0
Kylie Otani,African-American,female,2.0,USA,30.0,94523,5,3.17,0.67,7.0,3.6,2.22,0.0,55.0,0.5,-1.75,3.61,0.51,-0.06,7.29,Quantitative,Very Good,Good,0.0,0.0,0.0
Shameka Macki,Caucasian,female,0.0,USA,31.0,94609,5,3.32,0.48,6.0,3.31,1.74,0.0,50.0,1.0,-1.45,0.0,-5.55,-6.2,0.0,Quantitative,Very Good,Good,0.0,0.0,0.0
William Vy,Caucasian,male,1.0,USA,27.0,95002,5,2.61,0.67,3.0,3.3,2.76,0.0,14.0,2.5,-0.64,1.34,-0.2,0.02,6.88,Quantitative,Very Good,Good,1.0,0.0,0.0
Joan Downie,Caucasian,female,1.0,USA,29.0,94030,5,3.07,0.79,5.0,3.76,3.28,0.0,34.0,1.0,-1.39,1.55,0.31,1.22,8.66,Quantitative,Very Good,Good,1.0,0.0,0.0
Virginia Matheney,Caucasian,female,1.0,USA,27.0,94549,5,2.54,0.76,2.0,2.89,1.15,0.5,53.0,0.0,-2.55,0.29,-4.42,-4.02,2.29,Engineering,Ok,Good,0.0,0.0,0.0
Randall Kartchner,African-American,male,1.0,USA,31.0,94070,5,3.31,0.45,7.5,3.2,1.1,0.0,27.0,3.0,-0.22,2.2,-1.04,-1.09,5.98,Engineering,None,Bad,0.0,1.0,0.0
Crystal Steward,Caucasian,female,2.0,USA,28.0,94025,5,3.2,0.33,5.0,2.76,0.74,0.0,20.0,3.5,0.88,3.59,0.5,0.21,7.72,Engineering,Very Good,Bad,0.0,0.0,0.0
Juan Thomas,Other,male,0.0,USA,26.0,94040,5,2.88,0.43,3.0,2.34,-0.54,0.0,4.0,1.5,-1.7,1.54,-1.05,-1.24,5.36,Quantitative,Ok,Bad,0.0,0.0,0.0
Renee Young,Caucasian,female,0.0,USA,29.0,94025,5,2.71,0.43,9.0,3.6,2.51,0.0,20.0,6.0,2.55,3.56,3.22,2.39,9.66,Sciences,Very Good,Good,0.0,0.0,0.0
Mario Vasquez,Caucasian,male,2.0,USA,30.0,94085,5,3.36,0.71,7.0,4.08,3.71,0.0,9.0,3.5,0.21,1.99,-0.17,-0.09,6.93,Engineering,Ok,Good,1.0,0.0,0.0
Charlene Holben,Caucasian,female,2.0,USA,29.0,94502,5,3.89,0.67,3.0,3.64,3.24,0.0,49.0,6.0,2.81,2.17,-0.71,-1.85,4.56,Quantitative,Ok,Good,0.0,0.0,0.0
Jacquelyn Kunde,Caucasian,female,2.0,USA,30.0,94114,5,3.79,0.31,7.0,3.57,2.42,1.0,47.0,1.0,-1.94,2.56,1.95,1.03,7.8,Engineering,Very Good,Good,1.0,0.0,0.0
Lorenzo Braswell,Asian,male,2.0,China,31.0,94603,5,3.52,0.38,7.5,4.13,4.45,0.0,40.0,3.0,0.34,2.21,0.09,-0.08,6.96,Quantitative,Very Good,Good,1.0,0.0,0.0
Scott Villeda,Caucasian,male,1.0,USA,28.0,94586,5,3.4,0.6,4.0,3.08,0.97,0.0,38.0,2.0,-0.45,2.59,0.05,-1.38,5.2,Engineering,Ok,Good,0.0,0.0,1.0
Nicholas Allen,Caucasian,male,0.0,USA,34.0,94040,5,2.55,0.6,8.0,3.36,1.05,0.0,3.0,5.0,1.56,2.07,-0.72,-0.88,6.01,Engineering,Very Good,Good,0.0,0.0,0.0
Sandra Monton,African-American,female,2.0,USA,34.0,94027,5,3.52,0.57,8.0,3.61,1.54,2.5,24.0,4.0,0.73,0.55,-1.65,-2.13,3.96,Engineering,Ok,Good,0.0,0.0,0.0
Debra Fennell,Caucasian,female,2.0,USA,26.0,95002,5,2.83,0.67,5.0,3.7,3.36,0.0,15.0,6.0,2.31,2.1,1.0,0.05,6.6,Engineering,Ok,Good,1.0,0.0,0.0
Claude Stevens,Other,male,2.0,USA,27.0,94598,5,4.21,0.67,5.0,4.22,4.54,0.0,67.0,1.0,-1.8,3.55,2.26,0.42,7.03,Engineering,Ok,Good,1.0,0.0,0.0
Chad Smith,Asian,male,2.0,USA,27.0,94040,5,3.63,0.33,5.0,3.62,3.23,0.0,1.0,2.5,-0.76,1.41,-2.72,-1.54,5.7,Engineering,Very Good,Good,1.0,0.0,0.0
Chad Bauman,Asian,male,2.0,USA,27.0,94085,5,3.34,0.86,5.0,3.9,3.2,0.0,9.0,3.0,-0.26,2.69,1.13,2.2,10.19,Engineering,Ok,Good,0.0,0.0,0.0
Randy Jacobson,Caucasian,male,0.0,USA,33.0,94533,5,2.73,0.36,9.5,3.19,0.46,0.0,80.0,0.5,-2.23,1.92,-1.14,-1.14,5.59,Engineering,Ok,Good,0.0,0.0,0.0
Magdalen Mcmurray,Caucasian,female,1.0,USA,29.0,94085,5,3.66,0.81,5.5,4.28,4.47,0.0,8.0,2.0,-0.81,2.79,1.68,1.54,8.87,Humanities,Very Good,Good,1.0,0.0,0.0
Francie Stafford,Caucasian,female,0.0,USA,27.0,94105,5,3.16,0.43,5.0,3.03,1.18,1.0,45.0,1.5,-1.48,2.26,0.81,1.22,8.65,Engineering,None,Good,0.0,0.0,0.0
Laura Oneal,Other,female,0.0,USA,27.0,94402,5,3.24,0.36,4.0,3.27,2.5,0.0,28.0,3.0,0.25,2.19,-0.37,-0.58,6.28,Engineering,Very Good,Good,0.0,0.0,0.0
Randal Rowe,Caucasian,male,0.0,USA,30.0,94070,5,2.59,0.71,7.0,3.08,0.42,0.0,27.0,6.0,2.57,1.24,-1.82,-2.19,4.22,Engineering,Very Good,Good,0.0,0.0,0.0
Holly Sarkin,Caucasian,female,2.0,USA,34.0,94560,5,3.04,0.55,7.0,3.85,3.3,0.0,29.0,6.0,2.02,3.33,2.0,1.48,8.83,Sciences,Ok,Good,0.0,0.0,0.0
William Carmon,Other,male,2.0,USA,30.0,94707,5,3.27,0.52,6.0,3.97,4.0,0.0,61.0,3.5,0.79,0.0,-4.13,-4.09,1.82,Quantitative,None,Good,1.0,0.0,0.0
Donald Milliken,Caucasian,male,1.0,USA,27.0,95002,5,3.38,0.36,6.0,2.74,-0.11,0.0,15.0,3.0,-0.4,1.55,-1.13,0.7,8.51,Quantitative,Ok,Bad,0.0,0.0,0.0
Howard Cole,Caucasian,male,1.0,USA,26.0,94040,5,2.59,0.26,4.0,3.24,3.05,0.0,2.0,2.0,-0.98,2.09,-0.09,-0.58,6.23,Quantitative,Ok,Good,1.0,0.0,0.0
Jose Ward,Caucasian,male,2.0,USA,31.0,94587,5,3.29,0.45,7.0,3.65,2.4,0.0,30.0,1.0,-1.8,1.53,-1.97,-2.62,3.81,Engineering,Ok,Good,0.0,1.0,0.0
Alice Knight,African-American,female,2.0,USA,33.0,94603,5,3.77,1.0,7.0,5.48,7.51,2.0,40.0,2.0,-0.67,2.27,1.53,1.25,8.48,Engineering,Very Good,Good,1.0,1.0,0.0
Sharon Edmonds,Caucasian,female,2.0,USA,26.0,94544,4,3.22,0.74,4.5,3.99,3.99,0.0,31.0,3.0,-0.2,3.61,2.3,1.48,8.8,Engineering,Very Good,Good,1.0,0.0,0.0
Krista Hanson,Caucasian,female,2.0,USA,28.0,94085,4,2.35,0.38,8.0,3.31,1.53,0.0,10.0,4.0,0.83,2.82,0.69,1.0,8.45,Sciences,None,Good,0.0,0.0,0.0
Darlene Walters,Caucasian,female,0.0,Australia,32.0,94947,4,3.3,0.33,9.0,3.59,1.72,0.0,86.0,1.0,-1.5,2.85,1.79,0.94,7.88,Quantitative,None,Good,0.0,1.0,0.0
Ann Franco,Caucasian,female,0.0,USA,30.0,94591,4,2.72,0.4,8.0,3.01,0.12,0.0,73.0,4.0,1.28,1.79,-0.18,1.14,8.69,Engineering,Ok,Good,0.0,0.0,0.0
Jonathon Beck,Asian,male,0.0,USA,27.0,94085,4,3.02,0.67,6.0,3.67,2.51,0.0,8.0,5.0,1.88,2.7,0.76,-0.01,6.86,Humanities,Ok,Good,0.0,0.0,0.0
Joseph Moore,Caucasian,male,2.0,USA,30.0,94030,4,3.43,0.67,7.5,4.47,4.65,0.0,34.0,4.5,1.61,2.87,1.25,1.37,8.76,Engineering,Very Good,Good,1.0,0.0,0.0
Richard Blunt,Hispanic,male,2.0,USA,30.0,94609,4,3.36,0.5,5.0,3.78,3.54,2.0,50.0,2.5,0.16,1.74,0.93,1.44,8.77,Engineering,Very Good,Good,0.0,1.0,0.0
Terrance Potter,Caucasian,male,2.0,USA,30.0,94538,4,3.73,0.33,7.0,3.91,3.44,0.0,21.0,4.5,1.32,0.14,-4.45,-2.88,4.05,Humanities,Ok,Good,1.0,0.0,0.0
Brad Francis,Caucasian,male,0.0,USA,31.0,94028,4,2.75,0.43,3.0,2.43,-0.52,4.0,23.0,7.0,3.5,1.54,-0.4,-0.35,6.54,Humanities,Ok,Bad,0.0,0.0,0.0
Mark Samuelson,Caucasian,male,1.0,USA,28.0,95002,4,2.72,0.74,5.0,3.17,0.97,0.0,15.0,6.5,2.78,2.93,2.03,1.77,9.04,Quantitative,Ok,Good,0.0,0.0,0.0
Edith Winsley,Caucasian,female,2.0,USA,27.0,94510,4,3.46,0.74,5.5,4.04,3.77,0.0,69.0,1.0,-1.72,1.18,-2.4,-2.45,4.04,Sciences,Very Good,Good,1.0,0.0,0.0
Heather Gibbs,Caucasian,female,2.0,USA,26.0,95002,4,2.8,0.69,4.0,3.69,3.36,0.0,14.0,6.0,2.75,2.46,0.3,-0.43,6.25,Quantitative,Very Good,Good,1.0,0.0,0.0
Jane Westberry,African-American,female,1.0,USA,27.0,94043,4,2.61,0.33,3.5,3.1,2.18,2.5,6.0,4.0,0.47,2.43,0.23,0.62,8.05,Engineering,Very Good,Good,0.0,0.0,0.0
Willie Diederich,Hispanic,female,1.0,USA,27.0,94538,4,3.13,0.57,4.5,3.09,1.01,0.0,21.0,4.0,0.75,1.73,0.6,0.84,8.01,Engineering,Very Good,Good,0.0,0.0,0.0
Richard Towle,Caucasian,male,1.0,USA,30.0,94973,4,2.97,0.29,7.0,3.78,3.44,2.0,87.0,2.5,-0.14,1.72,-0.97,-0.61,6.33,Engineering,Very Good,Bad,1.0,0.0,0.0
Darrell Alexander,Caucasian,male,2.0,USA,34.0,94114,4,2.74,0.02,9.5,3.33,1.6,0.0,47.0,4.0,1.19,1.35,-1.99,-1.69,5.13,Engineering,Ok,Good,0.0,0.0,0.0
Cedric Butler,Asian,male,1.0,USA,23.0,94121,4,3.22,0.95,0.5,3.35,2.23,0.0,54.0,3.0,0.45,0.13,-2.83,-1.27,5.72,Sciences,Very Good,Good,0.0,1.0,0.0
Colleen Chavez,Hispanic,female,0.0,USA,25.0,94502,4,3.1,0.45,4.0,2.86,0.55,0.0,49.0,2.0,-0.53,0.78,-2.12,-1.47,5.3,Quantitative,Ok,Good,0.0,0.0,0.0
Lauren Barajas,Caucasian,female,2.0,USA,27.0,94502,4,2.96,0.48,5.0,3.59,3.05,0.0,49.0,0.0,-4.85,1.32,-1.95,-1.99,4.73,Quantitative,Very Good,Bad,0.0,0.0,0.0
Nell Gaietto,Other,female,0.0,China,27.0,94038,4,3.08,0.45,3.5,3.1,1.79,0.0,57.0,0.0,-2.91,1.23,-0.33,-0.34,6.29,Quantitative,Ok,Good,0.0,0.0,0.0
Lorena Gallegos,African-American,female,2.0,USA,30.0,94544,4,3.86,0.38,7.0,4.04,3.66,0.0,32.0,1.5,-1.26,1.9,0.14,0.12,7.17,Quantitative,Ok,Good,1.0,0.0,0.0
Terrence Kaufman,Other,male,0.0,USA,27.0,94109,4,2.78,0.19,2.5,2.62,1.04,0.0,48.0,2.0,-1.23,2.39,0.38,0.49,7.82,Engineering,Very Good,Good,0.0,0.0,0.0
Gerald Gaters,Caucasian,male,2.0,USA,26.0,94028,4,3.78,0.6,3.0,3.25,1.66,0.0,23.0,3.5,0.16,2.12,1.8,2.01,9.36,Quantitative,None,Good,0.0,0.0,0.0
Gary Osorno,Caucasian,male,2.0,USA,27.0,94587,4,2.94,0.17,4.0,2.98,1.77,0.0,30.0,1.0,-1.68,2.56,1.48,1.13,8.3,Engineering,Very Good,Bad,0.0,0.0,0.0
Robert Roekle,Caucasian,male,1.0,USA,29.0,95002,4,3.44,0.52,8.5,4.22,3.76,0.0,15.0,3.0,-0.29,1.21,-2.09,-1.35,5.64,Engineering,Ok,Good,1.0,0.0,0.0
Jerry Harbison,Caucasian,male,0.0,Australia,29.0,94586,4,2.98,0.4,2.0,2.63,0.72,3.0,38.0,5.0,1.49,3.46,1.81,1.01,8.1,Sciences,Ok,Bad,0.0,0.0,0.0
Andre Wedgeworth,Asian,male,0.0,Australia,31.0,94087,4,3.2,0.33,6.5,3.16,1.05,1.0,12.0,1.0,-1.84,1.67,-2.16,-1.94,4.92,Engineering,Ok,Good,0.0,0.0,0.0
Alvin Hoke,Asian,male,2.0,Australia,26.0,94019,4,3.25,0.38,4.5,3.47,2.71,0.0,46.0,4.5,1.38,3.29,3.15,1.82,8.92,Sciences,Ok,Good,0.0,0.0,0.0
Tracy Coleman,Caucasian,male,0.0,USA,24.0,95035,4,2.77,0.52,1.5,2.41,-0.36,0.0,18.0,5.0,1.61,0.34,-3.13,-3.02,3.26,Engineering,None,Good,0.0,0.0,0.0
David Alvarez,Caucasian,male,1.0,USA,24.0,94525,4,2.63,0.26,3.0,2.39,0.05,0.0,64.0,3.5,0.66,0.65,-2.3,-2.1,4.45,Quantitative,None,Good,0.0,0.0,0.0
Thomas Kelly,Caucasian,male,2.0,USA,30.0,94304,4,2.9,0.29,7.0,3.2,1.3,2.0,19.0,3.0,-0.22,1.23,-1.44,-0.75,6.29,Engineering,None,Good,0.0,0.0,0.0
Christopher Corbett,Hispanic,male,1.0,USA,29.0,94131,4,2.83,0.38,5.0,2.94,0.67,0.0,44.0,4.0,1.01,3.46,4.04,4.02,11.74,Quantitative,Ok,Good,0.0,0.0,0.0
Jay Brown,Hispanic,male,1.0,USA,32.0,94085,4,2.75,0.5,5.0,3.19,1.59,2.5,10.0,4.0,0.46,2.77,1.91,2.3,9.95,Engineering,Very Good,Good,0.0,0.0,0.0
Joan Hansen,Caucasian,female,1.0,USA,33.0,94301,4,2.78,0.81,9.0,4.44,3.97,0.0,17.0,0.0,-4.69,2.81,2.11,1.73,8.92,Sciences,Very Good,Good,1.0,0.0,0.0
Rebecca Bowman,Caucasian,female,0.0,USA,28.0,94131,4,3.01,0.45,4.0,2.47,-0.96,0.0,44.0,3.5,0.88,1.47,-0.33,-0.09,6.84,Engineering,None,Good,0.0,0.0,0.0
James Omara,Caucasian,male,0.0,USA,23.0,94085,4,3.12,0.69,2.5,2.9,0.44,0.0,9.0,4.0,0.76,3.47,2.19,2.06,9.72,Humanities,Very Good,Good,0.0,0.0,0.0
Melissa Davis,African-American,female,1.0,USA,30.0,94038,4,4.14,0.62,4.5,3.85,3.07,0.0,57.0,0.0,-2.51,1.4,-1.07,-0.13,7.1,Engineering,Very Good,Good,0.0,0.0,0.0
Antonio Mclean,Other,male,0.0,USA,27.0,94010,4,3.17,0.69,5.0,3.62,2.06,0.0,33.0,8.5,4.38,2.87,2.39,1.73,8.84,Engineering,Very Good,Good,0.0,0.0,0.0
Cynthia Routhier,Other,female,2.0,China,28.0,94595,4,3.41,0.83,5.5,4.41,4.26,0.0,56.0,2.5,-0.32,1.77,-0.39,-0.38,6.49,Engineering,Very Good,Good,0.0,0.0,0.0
Gregory Brock,Asian,male,0.0,USA,23.0,94087,4,3.43,0.69,1.0,2.98,1.35,0.0,12.0,1.5,-1.5,0.0,-5.33,-4.59,1.38,Quantitative,Ok,Good,0.0,0.0,0.0
Louis Johnson,Caucasian,male,0.0,USA,30.0,94022,4,2.83,0.45,6.0,2.96,0.36,3.0,13.0,6.0,2.35,2.08,-0.78,-1.23,5.47,Quantitative,Ok,Good,0.0,0.0,0.0
Darnell Kinchen,Asian,male,1.0,USA,30.0,94010,4,3.2,0.57,6.0,3.97,3.45,0.0,33.0,8.5,4.8,4.91,6.53,5.76,13.88,Quantitative,Ok,Good,1.0,0.0,0.0
James Lane,Caucasian,male,0.0,USA,31.0,94609,4,3.64,0.79,3.0,3.24,0.94,0.0,50.0,0.5,-2.09,1.08,-1.97,-0.71,6.52,Sciences,Very Good,Good,0.0,1.0,0.0
Denver Montiel,Caucasian,male,2.0,USA,26.0,94588,4,3.02,0.31,5.0,2.77,0.22,0.0,36.0,5.5,2.39,0.0,-4.17,-2.78,4.08,Quantitative,Ok,Good,0.0,0.0,0.0
Alicia Rey,Caucasian,female,1.0,USA,27.0,94028,4,2.61,0.36,4.5,2.58,-0.47,0.0,23.0,3.5,0.49,1.84,0.03,0.9,8.37,Engineering,Ok,Bad,0.0,0.0,0.0
David Kintzer,Caucasian,male,1.0,USA,27.0,94025,4,2.89,0.36,5.0,3.39,2.3,0.0,20.0,3.0,-0.08,1.95,-0.26,-0.05,7.05,Quantitative,Ok,Good,0.0,0.0,1.0
John Juarez,Hispanic,male,1.0,Mexico,27.0,95476,4,3.36,0.71,4.0,3.53,1.92,1.5,90.0,1.5,-0.86,1.43,-2.14,-2.07,4.59,Humanities,Ok,Good,0.0,0.0,0.0
Morris Webb,Caucasian,male,2.0,USA,28.0,94538,4,3.36,0.57,5.5,4.19,4.28,0.0,21.0,4.0,1.0,0.77,-3.44,-4.3,1.51,Quantitative,Ok,Good,1.0,0.0,0.0
Roscoe Page,Caucasian,male,2.0,USA,29.0,94019,4,3.2,0.5,6.0,3.39,1.47,0.0,46.0,4.5,1.4,0.02,-3.56,-3.86,2.02,Engineering,None,Good,0.0,0.0,0.0
William Bradney,Caucasian,male,1.0,USA,32.0,94545,4,3.6,0.5,7.0,4.16,3.36,3.0,37.0,4.0,0.74,1.26,0.15,-0.88,5.32,Humanities,None,Good,1.0,0.0,0.0
William Hetrick,Caucasian,male,2.0,USA,26.0,94941,4,3.46,0.62,3.0,3.28,1.71,0.0,75.0,0.0,-2.16,0.86,-1.62,-2.66,3.41,Sciences,Ok,Good,0.0,0.0,0.0
Kyle Smit,Caucasian,male,2.0,USA,33.0,94109,4,3.73,0.36,9.0,3.89,2.17,0.0,48.0,3.0,0.05,2.64,-0.24,0.24,7.58,Engineering,Ok,Good,0.0,0.0,1.0
Aaron Johnston,Asian,male,2.0,USA,28.0,94304,4,3.31,0.43,3.0,3.3,2.26,0.0,19.0,2.5,-0.2,2.39,1.0,0.12,6.76,Quantitative,Very Good,Good,0.0,0.0,0.0
Eleanor Kennedy,Caucasian,female,1.0,USA,30.0,94114,4,2.25,0.4,8.5,3.16,0.3,0.0,47.0,2.0,-0.9,1.76,-1.0,-0.26,7.0,Quantitative,Very Good,Good,0.0,0.0,0.0
Jeremy Shields,African-American,male,2.0,USA,26.0,94105,4,3.36,0.83,4.0,3.52,1.71,2.0,45.0,3.0,0.04,0.34,-3.14,-2.36,4.23,Sciences,Ok,Good,0.0,0.0,0.0
Brad Holloway,Hispanic,male,0.0,USA,30.0,94510,4,3.43,0.64,7.5,3.52,0.78,0.0,69.0,4.0,1.65,2.64,3.36,2.7,9.76,Quantitative,Ok,Good,0.0,0.0,0.0
Isaac Ryan,Asian,male,0.0,USA,31.0,94085,4,3.58,0.43,5.5,3.43,1.47,0.0,8.0,3.0,-0.13,1.97,0.99,0.93,7.93,Quantitative,Very Good,Good,0.0,0.0,0.0
Joann Stockton,Asian,female,0.0,USA,27.0,94040,4,3.37,0.64,3.0,3.1,0.76,0.0,3.0,0.0,-2.99,3.65,4.26,3.04,10.27,Quantitative,None,Good,0.0,0.0,0.0
Angela Dorgan,Caucasian,female,0.0,USA,27.0,94085,4,3.13,0.62,2.5,2.55,-0.84,0.0,10.0,7.0,3.64,2.89,3.37,3.25,10.75,Engineering,Ok,Good,0.0,1.0,0.0
Peter Bearden,African-American,male,0.0,USA,28.0,94544,4,2.97,0.48,2.5,2.8,0.46,0.0,32.0,6.0,2.25,1.68,-1.0,-0.61,6.37,Engineering,Ok,Bad,0.0,0.0,0.0
James Martinez,Hispanic,male,2.0,USA,27.0,94618,4,3.41,0.45,4.0,3.55,2.45,2.0,51.0,2.0,-0.95,4.52,5.18,4.9,12.96,Engineering,Very Good,Good,0.0,0.0,0.0
Royal Yusef,Caucasian,male,0.0,USA,30.0,94043,4,2.62,0.29,5.0,2.31,-1.56,0.0,6.0,3.5,0.44,0.53,-3.25,-2.93,3.62,Engineering,Ok,Good,0.0,0.0,0.0
Todd Works,Asian,male,1.0,USA,26.0,94010,4,2.99,0.74,3.0,2.29,-2.45,0.0,33.0,5.0,2.05,1.55,-3.51,-2.84,4.04,Engineering,None,Bad,0.0,0.0,0.0
Thelma Lalinde,Hispanic,female,1.0,USA,24.0,94560,4,2.6,0.71,2.0,2.82,0.3,0.0,29.0,2.0,-0.44,0.42,-1.66,-0.84,5.89,Engineering,None,Good,0.0,0.0,0.0
Michael Lipka,African-American,male,0.0,USA,29.0,94085,4,3.52,0.45,3.0,2.75,-0.22,0.0,9.0,6.5,2.82,0.23,-3.11,-3.26,2.83,Quantitative,Ok,Bad,1.0,0.0,0.0
Carrie Parks,Caucasian,female,1.0,USA,26.0,94544,4,2.65,0.52,4.0,2.51,-1.14,0.0,31.0,5.0,1.69,1.88,0.64,0.39,7.21,Engineering,None,Bad,1.0,0.0,0.0
Ashley Rivera,Asian,female,2.0,Australia,26.0,94539,4,3.0,0.36,5.0,3.65,3.26,0.0,25.0,2.0,-0.78,2.94,2.39,2.16,9.56,Quantitative,Very Good,Good,1.0,0.0,0.0
Lisa Ivey,African-American,female,0.0,USA,24.0,94040,4,2.62,0.55,3.5,2.97,0.78,0.0,4.0,5.0,1.7,1.98,2.76,2.79,10.18,Engineering,None,Good,0.0,0.0,0.0
Jack Roddy,Asian,male,2.0,USA,30.0,94038,4,3.28,0.62,5.0,3.78,2.74,0.0,57.0,0.0,-2.68,0.95,-3.65,-3.19,3.48,Engineering,Ok,Good,1.0,0.0,0.0
Kristine Hood,Caucasian,female,1.0,USA,28.0,94510,4,2.51,0.26,5.5,2.55,-0.64,0.0,69.0,0.5,-1.87,3.49,3.09,3.03,10.64,Engineering,None,Good,0.0,1.0,0.0
John Brisbin,Caucasian,male,1.0,USA,25.0,94301,4,1.94,0.26,4.0,2.1,-1.28,0.0,17.0,5.0,1.77,2.33,0.7,-0.57,5.87,Sciences,Ok,Bad,0.0,0.0,0.0
William Costello,Other,male,1.0,USA,28.0,94542,4,2.97,0.48,4.5,3.46,2.11,0.0,41.0,0.0,-3.38,0.45,-2.49,-2.97,3.06,Engineering,Very Good,Good,0.0,0.0,0.0
Antonio Trammell,African-American,male,2.0,USA,28.0,94085,4,3.46,0.67,6.0,3.97,2.61,0.0,10.0,4.0,0.99,1.93,-0.47,0.49,7.97,Engineering,Ok,Good,1.0,0.0,0.0
James Abney,Caucasian,male,2.0,USA,28.0,95134,4,3.0,0.43,3.0,3.21,1.89,2.5,16.0,4.0,0.75,1.95,-0.24,0.09,7.29,Quantitative,Ok,Good,1.0,0.0,0.0
Katie Acencio,Caucasian,female,0.0,USA,26.0,94598,4,2.98,0.48,2.5,3.37,2.56,0.0,67.0,0.0,-4.21,0.94,-2.81,-1.8,5.14,Quantitative,Ok,Good,0.0,0.0,0.0
Jamie Bush,Caucasian,male,2.0,USA,30.0,94027,4,3.79,0.31,5.5,3.3,1.36,0.0,24.0,3.0,0.05,1.72,-0.82,-0.44,6.58,Sciences,Very Good,Good,0.0,0.0,0.0
Barbara Elder,Caucasian,female,2.0,USA,29.0,94578,4,3.7,0.29,5.5,4.06,4.17,0.0,39.0,4.5,1.17,0.11,-2.25,-2.3,3.85,Humanities,Very Good,Good,0.0,0.0,0.0
Natalie Gallo,Caucasian,female,0.0,USA,28.0,94010,4,3.24,0.4,5.0,3.35,1.61,2.0,33.0,2.0,-0.94,2.23,0.82,1.03,8.25,Quantitative,Ok,Good,0.0,0.0,0.0
David Graham,Asian,male,1.0,USA,26.0,94402,4,2.26,0.64,5.0,2.86,-0.0,1.0,28.0,1.0,-2.1,0.34,-3.37,-2.67,3.91,Engineering,Very Good,Bad,0.0,0.0,0.0
Cecelia Moran,Caucasian,female,1.0,USA,26.0,94720,4,3.71,0.38,4.0,2.92,0.2,0.0,58.0,6.0,2.58,2.66,1.03,1.77,9.46,Quantitative,None,Good,0.0,0.0,0.0
Eric Hildebrand,Caucasian,male,2.0,USA,25.0,94533,4,3.67,0.43,3.0,3.53,2.8,1.5,80.0,2.0,-0.7,1.59,0.74,0.61,7.36,Engineering,Very Good,Good,0.0,0.0,0.0
Herbert Walsh,Asian,male,0.0,USA,24.0,94010,4,2.22,0.26,3.0,1.12,-4.87,0.0,33.0,3.0,0.16,1.85,0.82,0.75,7.71,Humanities,Ok,Bad,1.0,1.0,1.0
Lee Fridman,Caucasian,male,1.0,USA,28.0,95134,4,2.55,0.6,5.5,3.81,3.03,1.0,16.0,1.0,-1.7,1.42,-2.19,-1.99,4.76,Humanities,Very Good,Good,1.0,0.0,0.0
Marvin Folse,African-American,male,1.0,USA,30.0,94542,4,2.55,0.19,6.5,2.62,-0.83,0.0,41.0,3.0,0.09,1.52,-1.96,-1.95,4.83,Quantitative,None,Good,1.0,0.0,0.0
Paul Stewart,Caucasian,male,0.0,USA,25.0,94403,4,2.14,0.81,2.0,2.49,-1.0,0.0,26.0,1.0,-1.77,0.61,-2.1,-2.17,4.12,Engineering,Very Good,Good,0.0,0.0,0.0
Laurie Dorsey,Caucasian,female,0.0,USA,26.0,94040,4,2.37,0.36,3.0,1.99,-2.23,0.0,0.0,3.0,0.12,1.18,-0.79,-0.8,5.82,Engineering,None,Good,0.0,0.0,0.0
Calvin Jankowiak,Caucasian,male,0.0,USA,28.0,94089,4,2.73,0.45,7.0,3.62,2.13,0.0,11.0,7.5,3.79,1.56,-1.33,-0.93,5.97,Quantitative,Ok,Good,0.0,0.0,0.0
Dorothy Tarlton,Caucasian,female,2.0,Canada,26.0,94588,4,3.09,0.57,5.5,3.76,2.55,0.0,36.0,2.0,-0.8,1.59,-0.89,-0.25,6.84,Sciences,Ok,Good,0.0,0.0,0.0
Steven White,Asian,male,0.0,China,30.0,94523,4,2.54,0.69,6.0,2.46,-2.59,0.0,55.0,2.5,-0.42,1.9,-0.42,-1.49,4.96,Engineering,None,Good,0.0,0.0,0.0
Chase Goss,African-American,male,1.0,Canada,27.0,94114,4,3.4,0.4,2.0,2.47,-1.01,0.0,47.0,0.0,-2.42,0.93,-2.56,-1.51,5.54,Engineering,None,Bad,0.0,0.0,0.0
Kenneth Howard,Caucasian,male,2.0,USA,34.0,94070,4,3.11,0.45,9.0,3.84,2.16,0.0,27.0,2.0,-0.82,2.43,0.54,0.92,8.37,Quantitative,None,Good,0.0,0.0,0.0
Jean Whitt,Caucasian,female,0.0,USA,30.0,94591,4,3.51,0.31,9.0,3.26,-0.21,0.0,74.0,3.0,0.55,1.29,-1.28,-1.24,5.39,Quantitative,Ok,Bad,0.0,0.0,0.0
George Allen,Hispanic,male,1.0,USA,25.0,94070,4,2.69,0.38,1.5,1.81,-2.73,0.0,27.0,6.0,2.17,0.28,-4.01,-3.59,2.72,Humanities,None,Good,0.0,1.0,0.0
Brenda Smolder,Hispanic,female,1.0,USA,29.0,94030,4,3.7,0.95,3.5,4.43,4.4,0.0,34.0,4.0,1.0,0.0,-5.2,-4.28,2.09,Humanities,Ok,Good,0.0,0.0,0.0
Margarite Hagen,Asian,female,2.0,USA,31.0,94043,4,3.67,0.43,9.0,4.69,4.84,0.0,7.0,9.5,5.85,1.96,0.34,0.5,7.57,Quantitative,Very Good,Good,0.0,0.0,0.0
Noel Svec,Asian,female,1.0,USA,31.0,94030,4,3.19,0.6,7.5,3.54,1.03,0.0,34.0,0.0,-3.19,1.49,-1.75,-2.21,4.25,Humanities,Ok,Good,0.0,0.0,0.0
Tracy Edwards,Caucasian,female,1.0,USA,30.0,94040,4,3.63,0.36,8.0,4.22,3.48,2.0,4.0,4.0,0.5,2.0,-1.6,-1.63,5.28,Engineering,Ok,Good,1.0,0.0,0.0
Louise William,Caucasian,female,2.0,USA,28.0,94085,4,3.71,0.9,4.0,4.37,4.2,3.0,9.0,5.5,2.0,2.29,1.46,1.32,8.48,Engineering,Ok,Good,1.0,0.0,0.0
Jason Butorac,Caucasian,male,1.0,USA,26.0,94043,4,3.45,0.52,2.0,3.38,2.3,0.0,6.0,4.5,1.26,3.4,2.35,2.0,9.33,Humanities,Ok,Good,1.0,0.0,0.0
Stuart Hinsley,Caucasian,male,0.0,USA,30.0,94538,4,2.42,0.33,5.0,2.96,0.68,0.0,21.0,1.0,-2.16,1.38,-0.28,-1.02,5.3,Quantitative,Ok,Good,0.0,1.0,0.0
Christopher Bristow,African-American,male,0.0,USA,28.0,94503,3,3.04,0.64,4.5,3.26,0.95,0.0,83.0,0.0,-3.25,2.01,0.31,0.57,7.68,Quantitative,None,Good,0.0,0.0,0.0
Susan Morin,Asian,female,0.0,USA,29.0,94538,3,3.1,0.55,6.0,3.11,-0.36,0.0,21.0,2.5,-0.5,0.83,-2.54,-1.99,4.65,Engineering,None,Bad,0.0,0.0,0.0
Antonio Finke,Asian,male,0.0,USA,27.0,94533,3,2.29,0.21,3.5,1.5,-3.86,0.0,79.0,1.0,-1.36,2.31,0.22,-0.22,6.6,Quantitative,Ok,Good,0.0,1.0,0.0
Craig Palmer,Caucasian,male,0.0,USA,25.0,94572,3,2.69,0.88,3.0,2.88,-0.49,0.0,72.0,1.5,-0.94,3.05,2.24,2.49,10.17,Sciences,None,Bad,0.0,0.0,0.0
Penny Hernandez,Caucasian,female,0.0,USA,27.0,94014,3,2.17,0.31,5.0,2.76,0.27,0.0,43.0,4.0,0.82,2.89,0.79,0.25,7.28,Engineering,Ok,Good,0.0,0.0,0.0
Drew Bard,Caucasian,male,0.0,USA,28.0,94801,3,2.77,0.48,3.5,2.58,-0.78,0.0,63.0,0.0,-2.42,3.25,1.71,1.26,8.6,Quantitative,Ok,Bad,0.0,0.0,0.0
Kristen Archie,African-American,female,0.0,USA,23.0,94301,3,2.97,0.14,2.0,1.68,-3.1,0.0,17.0,7.0,3.25,1.2,0.49,1.84,9.35,Quantitative,None,Good,0.0,1.0,0.0
Robert Fritter,Caucasian,male,2.0,USA,30.0,94105,3,3.08,0.38,8.0,4.21,3.58,0.0,45.0,2.0,-0.42,2.82,1.77,0.94,7.85,Quantitative,Very Good,Good,1.0,0.0,0.0
Betty Brown,Asian,female,1.0,USA,30.0,94618,3,3.15,0.71,3.0,4.04,4.14,0.0,51.0,1.0,-1.66,1.72,-0.44,0.08,7.22,Engineering,Very Good,Good,1.0,0.0,0.0
Pete Ziegler,Other,male,1.0,USA,30.0,94525,3,4.32,0.43,7.5,4.4,3.58,0.0,64.0,0.0,-2.56,0.5,-3.12,-3.6,2.36,Quantitative,Very Good,Good,0.0,0.0,0.0
Robert Martin,Caucasian,male,1.0,USA,29.0,94603,3,2.2,0.62,0.0,2.26,-1.14,1.5,40.0,2.0,-0.72,2.26,0.15,0.23,7.32,Humanities,None,Bad,0.0,0.0,0.0
Jennifer Kelley,Caucasian,female,0.0,USA,28.0,94019,3,2.1,0.62,6.0,3.01,-0.22,0.0,46.0,5.5,2.0,0.65,-0.89,-0.32,6.27,Engineering,None,Bad,0.0,0.0,0.0
Andrea Bleich,Hispanic,female,0.0,USA,29.0,94301,3,2.59,0.48,4.0,2.88,0.22,0.0,17.0,5.0,1.89,3.04,1.52,1.9,9.64,Sciences,Very Good,Good,0.0,0.0,0.0
Michael Bowen,Caucasian,male,1.0,USA,27.0,94085,3,3.7,0.36,7.0,4.05,3.23,0.0,10.0,5.5,1.92,0.78,-0.51,0.13,6.98,Quantitative,Very Good,Good,1.0,0.0,0.0
Chad Jones,Caucasian,male,0.0,USA,28.0,94131,3,3.54,0.07,6.0,2.73,-0.79,0.0,44.0,3.0,0.26,1.84,-0.25,-0.5,6.32,Engineering,Ok,Bad,1.0,0.0,0.0
John Wood,Caucasian,male,1.0,USA,28.0,94038,3,3.11,0.31,4.0,2.41,-1.52,1.0,57.0,1.0,-1.44,2.52,1.25,1.48,8.86,Quantitative,Very Good,Bad,0.0,0.0,0.0
Brandi Littles,Asian,female,0.0,USA,29.0,94043,3,2.26,0.29,3.0,2.69,0.45,0.0,5.0,1.5,-1.82,1.04,-2.24,-1.83,4.96,Quantitative,Very Good,Good,0.0,0.0,0.0
Alan Porter,Hispanic,male,0.0,USA,30.0,94040,3,2.26,0.48,4.0,3.03,0.76,0.0,4.0,3.0,0.2,0.0,-4.16,-4.12,1.74,Quantitative,Ok,Good,0.0,0.0,0.0
Irene Gibbs,Asian,female,1.0,USA,30.0,94027,3,4.16,0.24,5.5,4.31,4.57,0.0,24.0,3.5,0.35,2.07,-0.18,-0.59,6.35,Quantitative,Ok,Good,1.0,0.0,0.0
Lindsay Armenta,Caucasian,female,1.0,USA,28.0,94043,3,2.54,0.36,5.0,3.02,0.64,0.0,7.0,2.0,-1.23,1.68,-1.51,-0.47,6.86,Engineering,Very Good,Good,0.0,0.0,0.0
Jose Franke,Caucasian,male,1.0,USA,34.0,94538,3,2.7,0.24,7.0,2.81,-0.75,1.0,21.0,1.5,-1.44,1.94,1.03,0.3,6.98,Quantitative,Ok,Good,0.0,0.0,0.0
Elizabeth Campo,Other,female,0.0,China,26.0,94572,3,3.51,0.43,4.0,3.29,1.16,0.0,72.0,0.0,-2.12,2.71,2.48,2.39,9.66,Engineering,Very Good,Good,0.0,0.0,0.0
Guy Williams,Caucasian,male,0.0,USA,26.0,94109,3,3.05,0.38,5.0,2.67,-1.23,0.0,48.0,1.5,-0.93,3.31,3.66,3.65,11.36,Engineering,None,Bad,0.0,0.0,0.0
Calvin Harper,Caucasian,male,0.0,Canada,28.0,95035,3,3.08,0.6,4.0,3.64,2.13,0.0,18.0,0.0,-3.23,0.02,-2.84,-2.21,4.34,Engineering,Ok,Good,0.0,0.0,0.0
Cody Barker,African-American,male,0.0,USA,31.0,94533,3,2.73,0.57,8.0,3.58,0.64,0.0,80.0,2.0,-0.36,0.83,0.14,0.37,6.97,Quantitative,Ok,Good,0.0,0.0,0.0
Kimberly Milam,Asian,female,0.0,USA,25.0,95002,3,2.18,0.43,4.0,2.04,-2.69,0.0,15.0,3.5,0.03,2.31,1.05,1.29,8.55,Engineering,Ok,Bad,0.0,0.0,0.0
Joshua Houston,African-American,male,0.0,USA,28.0,94402,3,2.62,0.21,3.5,1.54,-4.23,2.5,28.0,4.0,0.66,0.54,-2.21,-1.88,4.72,Engineering,None,Bad,0.0,0.0,0.0
William Gorski,Caucasian,male,0.0,USA,24.0,94040,3,1.97,0.4,-1.0,1.48,-2.71,0.0,2.0,4.0,0.54,2.02,0.16,0.1,7.09,Engineering,None,Good,0.0,0.0,0.0
Stephen Fletcher,Caucasian,male,2.0,USA,32.0,94028,3,2.83,0.62,6.0,4.0,2.82,2.5,23.0,4.5,1.59,0.75,-2.58,-2.19,4.55,Quantitative,Ok,Good,0.0,0.0,0.0
Robert Reynolds,African-American,male,1.0,USA,24.0,94587,3,2.37,0.45,3.5,3.1,1.16,0.0,30.0,0.0,-2.95,2.74,2.53,2.32,9.67,Humanities,Very Good,Good,0.0,0.0,0.0
Helen Reed,Asian,female,0.0,Australia,27.0,95035,3,2.87,0.4,3.0,2.43,-1.19,0.0,18.0,7.5,3.96,2.99,2.77,2.49,9.78,Humanities,None,Bad,0.0,1.0,0.0
Paul Jackson,Caucasian,male,1.0,USA,27.0,94010,3,2.7,0.62,3.0,2.61,-1.22,0.0,33.0,1.0,-1.93,2.48,1.05,0.41,7.32,Quantitative,Ok,Good,0.0,0.0,0.0
Karen Branum,Caucasian,female,0.0,USA,31.0,94539,3,2.33,0.5,6.0,3.01,-0.29,0.0,25.0,2.5,-0.23,2.98,1.54,1.91,9.54,Quantitative,Ok,Bad,1.0,0.0,0.0
Karla Mccray,African-American,female,2.0,USA,25.0,94121,3,3.5,0.57,2.0,3.26,1.17,0.0,54.0,1.5,-1.25,2.8,-0.58,-1.92,4.61,Engineering,Ok,Good,0.0,1.0,0.0
John Vineyard,Caucasian,male,2.0,USA,27.0,94707,3,2.94,0.31,5.0,3.34,1.4,0.0,60.0,3.0,0.29,1.56,-0.97,-0.33,6.73,Quantitative,Very Good,Good,1.0,0.0,0.0
Norbert Goad,Hispanic,male,0.0,USA,28.0,94925,3,2.87,0.26,3.5,1.95,-3.11,1.0,66.0,0.0,-2.27,1.68,-0.12,-0.32,6.47,Engineering,Ok,Bad,0.0,0.0,0.0
Millard Ellithorpe,Asian,male,0.0,China,30.0,94544,3,2.73,0.62,5.0,3.22,0.38,0.0,31.0,3.0,-0.08,3.18,-0.09,-0.15,7.16,Engineering,None,Good,0.0,0.0,0.0
Clayton Moore,Caucasian,male,1.0,USA,26.0,94028,3,3.45,0.45,2.0,3.57,2.75,0.0,23.0,1.0,-2.07,1.77,-0.72,-1.34,5.19,Engineering,Very Good,Good,0.0,0.0,0.0
Jada Silkwood,African-American,female,0.0,USA,26.0,94598,3,2.72,0.69,5.0,3.24,0.33,0.0,67.0,3.0,0.48,0.0,-3.11,-2.32,4.28,Engineering,Ok,Good,0.0,0.0,0.0
Joseph Weber,Hispanic,male,1.0,USA,27.0,94027,3,2.65,0.36,2.5,2.37,-1.24,0.0,24.0,4.0,0.65,0.0,-3.16,-2.13,4.4,Quantitative,Very Good,Bad,0.0,0.0,0.0
Todd Triplett,Caucasian,male,0.0,USA,27.0,94578,3,3.37,0.31,5.0,2.97,-0.18,0.0,39.0,0.0,-4.7,2.2,0.73,0.47,7.35,Quantitative,Ok,Good,0.0,0.0,0.0
Osvaldo Brown,African-American,male,1.0,USA,26.0,94587,3,2.61,0.55,3.5,2.65,-1.12,0.0,30.0,6.0,2.78,1.05,-1.13,-0.98,5.78,Engineering,Ok,Good,0.0,0.0,0.0
Nicholas Martinez,Hispanic,male,1.0,Australia,24.0,94085,3,2.29,0.29,2.0,1.8,-2.53,0.0,9.0,2.0,-0.95,2.93,-0.72,-0.36,7.04,Engineering,None,Bad,0.0,1.0,0.0
Dorothy Murray,Caucasian,female,2.0,USA,29.0,94085,3,3.44,0.86,6.5,4.43,3.24,0.0,8.0,3.0,-0.16,1.62,-0.62,0.86,8.47,Engineering,Very Good,Good,0.0,0.0,0.0
Brett Rose,African-American,male,2.0,USA,32.0,94089,3,3.4,0.38,8.5,3.78,1.17,0.0,11.0,4.5,1.33,2.85,1.52,0.71,7.72,Engineering,Very Good,Good,0.0,0.0,0.0
Clifton Matthews,Caucasian,male,1.0,USA,30.0,94114,3,3.07,0.19,6.0,3.18,0.7,1.0,47.0,0.5,-2.17,1.45,-1.21,-1.86,4.38,Quantitative,Very Good,Bad,0.0,1.0,0.0
Brandon Woolford,Asian,male,0.0,USA,27.0,94087,3,2.51,0.4,5.0,2.69,-1.25,0.0,12.0,3.5,0.59,2.92,2.24,1.06,7.78,Quantitative,Ok,Bad,0.0,0.0,0.0
Stephanie Bryan,Caucasian,female,0.0,USA,26.0,94587,3,2.92,0.95,4.0,3.91,2.2,0.0,30.0,5.5,2.44,1.24,-1.56,-2.05,4.27,Quantitative,Ok,Good,0.0,0.0,0.0
Jean Schirmer,Caucasian,female,0.0,USA,27.0,94030,3,3.0,0.79,3.5,3.29,0.34,0.0,34.0,5.0,1.73,0.95,-2.43,-0.6,6.99,Quantitative,Ok,Good,0.0,0.0,0.0
Barbara Thomas,Caucasian,female,2.0,USA,24.0,94105,3,2.94,0.52,3.0,3.57,2.52,0.0,45.0,5.5,2.39,3.6,3.26,2.93,10.48,Quantitative,Ok,Good,0.0,0.0,0.0
Douglas Han,Other,male,1.0,USA,27.0,95035,3,3.12,0.57,3.5,3.35,1.18,0.0,18.0,2.5,-0.57,1.96,1.68,1.26,8.01,Engineering,Ok,Good,1.0,0.0,0.0
Thomas Medina,Asian,male,1.0,USA,31.0,95035,3,2.54,0.24,4.5,1.94,-3.04,0.0,18.0,1.5,-1.53,3.27,3.41,3.01,10.52,Engineering,None,Good,0.0,0.0,0.0
Jennifer Preston,Caucasian,female,1.0,USA,23.0,94503,3,1.81,0.45,2.5,2.08,-2.03,0.0,83.0,0.0,-5.29,1.53,-1.58,-0.93,6.19,None,None,Bad,0.0,0.0,0.0
Jennifer Flores,African-American,female,0.0,USA,27.0,94556,3,3.25,0.4,3.5,2.91,-0.13,0.0,65.0,2.0,-0.16,1.14,-1.12,-1.24,5.4,None,Ok,Good,0.0,0.0,0.0
Matthew Friend,Caucasian,male,0.0,USA,24.0,94014,3,3.07,0.62,2.0,2.65,-0.97,0.0,43.0,2.0,-0.58,3.03,2.33,2.08,9.5,None,Very Good,Bad,1.0,0.0,0.0
Richard Herrera,Asian,male,1.0,USA,24.0,94560,3,3.05,0.62,1.0,2.54,-0.94,0.0,29.0,4.5,1.53,1.26,-1.27,-1.33,5.26,None,None,Bad,0.0,0.0,0.0
Sonya Velasquez,Asian,female,1.0,China,27.0,94109,3,3.01,0.5,3.5,2.77,-0.91,0.0,48.0,3.5,0.51,0.52,-4.17,-3.18,3.65,Engineering,None,Bad,0.0,0.0,0.0
Meredith Markham,Asian,female,0.0,USA,28.0,94019,3,3.05,0.64,7.0,3.39,-0.02,0.0,46.0,1.5,-1.27,2.34,1.29,1.36,8.65,Engineering,None,Good,0.0,0.0,0.0
Richard Lombardi,Caucasian,male,1.0,USA,27.0,94403,3,2.24,0.19,5.0,2.13,-2.67,0.0,26.0,4.0,0.66,4.32,4.54,4.23,12.04,Humanities,Ok,Good,0.0,0.0,0.0
Laurie Davis,Caucasian,female,0.0,USA,29.0,95035,3,3.76,0.6,6.5,4.04,2.14,0.0,18.0,4.0,1.13,1.81,0.14,0.69,7.99,Engineering,Ok,Good,0.0,0.0,0.0
Ronald Lovett,Caucasian,male,1.0,USA,27.0,94538,3,3.41,0.45,4.5,3.2,0.31,0.0,21.0,3.0,-0.3,0.44,-2.14,-2.15,4.17,Engineering,None,Bad,0.0,0.0,0.0
William Kluemper,Hispanic,male,0.0,USA,25.0,94542,3,2.53,0.52,1.5,2.55,-0.5,0.0,41.0,2.0,-0.83,2.69,1.78,1.1,7.99,Engineering,Ok,Good,0.0,1.0,0.0
Pat Arias,Other,female,1.0,USA,30.0,94085,3,3.07,0.31,5.5,3.41,1.16,2.5,10.0,3.0,-0.13,2.07,0.01,-0.02,6.97,Engineering,Ok,Good,0.0,0.0,0.0
Joseph Woodring,Hispanic,male,0.0,USA,27.0,94105,3,2.92,0.36,5.5,2.93,-0.47,0.0,45.0,6.0,3.01,2.14,1.86,2.45,9.93,Engineering,None,Bad,1.0,0.0,0.0
Jeffrey Brown,Caucasian,male,2.0,Canada,27.0,94085,3,3.93,0.48,4.5,4.01,2.91,0.0,8.0,3.0,-0.04,1.44,-0.87,-1.34,5.27,Quantitative,Ok,Good,1.0,0.0,0.0
Carrie Vanarsdale,Caucasian,female,1.0,USA,23.0,94040,3,3.31,0.36,2.0,3.42,2.27,0.0,3.0,1.0,-2.04,2.39,0.33,1.02,8.57,Sciences,None,Good,0.0,0.0,1.0
Patricia Johnson,Caucasian,female,0.0,USA,29.0,94085,3,2.69,0.5,4.5,2.49,-2.17,3.0,8.0,5.5,1.98,2.74,1.67,1.16,8.25,Humanities,Ok,Bad,0.0,1.0,0.0
Robert Helton,Caucasian,male,0.0,USA,28.0,94087,3,3.56,0.17,3.0,3.04,0.81,0.0,12.0,3.0,0.17,1.03,-1.16,-1.4,5.07,Humanities,Ok,Bad,0.0,0.0,0.0
Robert Roeske,African-American,male,0.0,Canada,29.0,94586,3,3.6,0.6,5.0,3.37,0.25,0.0,38.0,5.0,1.8,3.68,3.34,3.02,10.63,Engineering,Ok,Good,0.0,0.0,0.0
Dustin Lawton,Caucasian,male,2.0,USA,28.0,94566,3,2.91,0.6,2.0,3.73,3.02,0.0,35.0,3.0,0.04,3.27,1.96,0.63,7.48,Quantitative,Ok,Good,1.0,0.0,0.0
Anita Mcgrane,Asian,female,0.0,USA,27.0,94040,3,2.86,0.38,4.5,2.3,-2.59,0.0,0.0,0.0,-2.78,1.72,0.38,-0.01,6.78,Quantitative,Very Good,Bad,0.0,0.0,0.0
Joyce Page,Caucasian,female,0.0,USA,26.0,94030,3,3.39,0.38,3.0,2.92,-0.24,0.0,34.0,7.0,3.73,1.01,-0.86,-0.57,6.17,Quantitative,None,Bad,1.0,0.0,0.0
Shannon Titcomb,Hispanic,female,0.0,USA,28.0,94085,3,2.43,0.45,4.0,2.99,0.07,3.0,10.0,5.0,1.54,0.62,-2.76,-2.4,4.17,Humanities,None,Good,1.0,0.0,0.0
Angela Turner,Caucasian,female,1.0,USA,30.0,94402,3,3.18,0.26,4.0,3.12,0.66,0.0,28.0,4.5,1.38,0.0,-4.36,-3.05,3.26,Quantitative,None,Good,0.0,0.0,0.0
William Gallegos,Caucasian,male,0.0,USA,27.0,94618,3,2.35,0.69,3.0,2.31,-2.63,0.0,51.0,5.0,2.0,1.53,-1.03,-1.45,5.03,Engineering,None,Bad,0.0,0.0,0.0
Daniel Pontious,Caucasian,male,1.0,USA,23.0,94542,3,2.95,0.26,-1.0,1.81,-2.24,0.0,41.0,1.5,-1.24,2.47,-0.01,-0.17,6.95,Sciences,Ok,Bad,0.0,0.0,0.0
Joseph Caballero,Caucasian,male,0.0,USA,25.0,94061,3,2.46,0.64,3.0,2.8,-0.82,0.0,22.0,4.0,1.03,2.24,1.36,0.76,7.61,Engineering,Very Good,Good,0.0,0.0,0.0
Michael Smith,Caucasian,male,0.0,USA,30.0,94085,3,2.27,0.55,6.0,2.42,-3.03,0.0,8.0,2.5,-0.72,2.13,-1.44,-1.76,5.02,Quantitative,Very Good,Good,0.0,0.0,0.0
Harold Mattox,Caucasian,male,0.0,USA,22.0,94010,3,2.77,0.38,1.0,2.05,-2.54,0.0,33.0,7.0,3.89,1.63,-0.98,-0.76,6.12,Humanities,None,Good,0.0,0.0,0.0
Clint Contrell,Caucasian,male,0.0,USA,27.0,94539,3,2.89,0.38,3.0,3.06,0.62,0.0,25.0,3.0,-0.21,1.55,-1.88,-1.93,4.72,Sciences,Very Good,Good,0.0,0.0,0.0
Toby Obrien,Hispanic,male,1.0,Mexico,26.0,94925,3,3.1,0.5,2.0,2.58,-1.16,1.0,66.0,2.0,-0.34,3.05,1.77,2.07,9.61,Sciences,None,Good,0.0,0.0,0.0
Craig Stone,Hispanic,male,0.0,USA,25.0,95002,3,3.08,0.24,2.0,2.37,-1.53,0.0,14.0,4.0,0.49,1.09,-1.58,-1.13,5.75,Engineering,Ok,Good,1.0,0.0,0.0
David Kittredge,African-American,male,1.0,USA,30.0,94533,3,2.79,0.31,7.5,3.07,-0.82,1.0,80.0,0.0,-2.38,1.04,-1.95,-2.56,3.56,Engineering,None,Bad,0.0,0.0,0.0
Amy Guthrie,Asian,female,0.0,USA,30.0,94560,3,2.62,0.62,2.0,2.93,0.15,0.0,29.0,4.0,0.57,2.51,2.24,2.43,9.83,Engineering,None,Good,0.0,0.0,0.0
Timothy Murguia,Asian,male,0.0,USA,29.0,94549,3,2.86,0.55,9.0,3.64,0.15,0.0,53.0,2.5,-0.23,1.08,-1.3,-0.85,6.09,Quantitative,Ok,Good,0.0,0.0,0.0
Daniel Reardon,Caucasian,male,1.0,USA,38.0,94027,3,3.6,0.55,6.0,3.61,0.48,1.5,24.0,2.5,-0.31,2.02,-1.73,-1.23,5.92,Quantitative,Very Good,Good,0.0,0.0,0.0
Myrtle Parsons,Asian,female,0.0,USA,27.0,94609,3,2.96,0.31,1.0,1.89,-2.9,3.0,50.0,4.0,1.07,1.0,-1.35,-0.79,6.15,Quantitative,None,Good,0.0,1.0,0.0
Rupert Sprinkel,Caucasian,male,2.0,USA,24.0,94109,3,3.46,0.33,3.0,3.72,2.99,1.0,48.0,1.0,-1.81,0.16,-2.34,-2.14,4.21,Engineering,Ok,Good,1.0,0.0,0.0
Robin Hutchins,Hispanic,female,2.0,USA,25.0,94523,3,3.41,0.79,3.0,3.66,1.45,0.0,55.0,4.0,1.03,2.77,0.95,0.64,7.8,Humanities,Very Good,Bad,0.0,0.0,0.0
Linda Mars,Hispanic,female,0.0,USA,27.0,94720,3,3.34,0.4,4.0,3.3,0.78,0.0,58.0,6.0,2.8,3.18,0.16,-0.25,6.85,Quantitative,Ok,Good,0.0,0.0,0.0
Marilyn Castro,Caucasian,female,0.0,USA,33.0,94512,3,3.61,0.55,7.5,4.11,2.04,0.0,100.0,0.0,-2.83,1.48,-1.51,-0.65,6.47,Quantitative,Very Good,Good,0.0,1.0,0.0
Carlos Mcallister,Caucasian,male,2.0,USA,28.0,94586,3,3.45,0.36,4.0,3.73,2.45,3.0,38.0,4.0,0.99,1.44,0.04,-0.75,5.71,Engineering,None,Good,1.0,0.0,0.0
Ann Davis,Other,female,0.0,USA,25.0,94566,3,3.54,0.33,1.0,2.43,-1.37,2.0,35.0,2.5,-0.11,0.0,-4.69,-5.12,0.41,Humanities,None,Good,0.0,0.0,0.0
Bradford Baca,Asian,male,0.0,USA,25.0,94085,3,3.25,0.26,2.5,2.11,-2.62,0.0,8.0,3.0,-0.61,0.87,-1.35,-0.63,6.24,Engineering,None,Bad,0.0,0.0,0.0
Richard Thoburn,Hispanic,male,0.0,USA,29.0,94707,3,3.08,0.48,5.0,2.79,-1.5,0.5,61.0,0.0,-2.37,2.51,1.21,2.35,10.19,Engineering,Ok,Good,0.0,0.0,0.0
Von Faircloth,Other,male,0.0,USA,29.0,94109,3,3.14,0.71,5.0,3.45,0.12,0.0,48.0,1.5,-1.3,2.44,0.64,0.6,7.85,Sciences,Very Good,Good,0.0,0.0,0.0
Hilda Parker,Caucasian,female,0.0,USA,26.0,94539,3,3.36,0.5,4.0,3.0,-0.65,0.0,25.0,6.5,3.23,2.68,0.5,-0.12,6.67,Quantitative,Very Good,Bad,1.0,0.0,0.0
Hannah Carew,Hispanic,female,0.0,USA,25.0,95035,3,2.97,0.67,2.5,2.54,-2.17,0.0,18.0,8.0,3.59,2.43,1.65,1.0,7.85,Engineering,Very Good,Good,1.0,0.0,0.0
Joshua Navarez,Caucasian,male,2.0,USA,30.0,95134,3,3.47,0.43,5.5,3.89,2.19,0.0,16.0,6.0,2.24,3.4,1.77,2.1,9.8,Engineering,Ok,Good,1.0,0.0,0.0
Brad Brown,Caucasian,male,0.0,USA,26.0,94022,3,3.0,0.38,0.5,2.55,-0.38,0.0,13.0,5.0,1.4,2.96,0.52,0.55,7.9,Engineering,None,Bad,0.0,0.0,0.0
Edgar Rebuldela,Caucasian,male,1.0,USA,23.0,94560,2,3.35,0.38,2.0,2.97,0.02,0.0,29.0,6.0,2.8,0.54,-2.56,-2.39,3.97,Engineering,Ok,Good,0.0,1.0,0.0
Marshall Carrera,African-American,male,0.0,USA,26.0,95134,2,2.76,0.81,3.0,2.1,-4.06,0.0,16.0,3.5,0.5,1.35,0.16,-0.28,6.23,Engineering,Ok,Bad,0.0,1.0,0.0
Nancy Gladden,Caucasian,female,0.0,USA,27.0,94038,2,2.74,0.31,6.5,2.47,-2.81,0.0,57.0,10.0,5.52,0.4,-1.64,-1.13,5.53,Quantitative,None,Good,0.0,1.0,0.0
Albert Liddell,Other,male,2.0,USA,25.0,94040,2,3.18,0.69,1.5,3.72,2.32,0.0,0.0,6.0,2.83,3.55,3.36,2.71,10.15,Quantitative,Very Good,Good,0.0,0.0,0.0
Dorothy Bartee,Other,female,1.0,USA,27.0,94533,2,3.42,0.4,5.0,3.36,0.26,0.0,80.0,0.0,-3.44,1.52,-0.97,-1.17,5.37,Quantitative,Ok,Good,0.0,0.0,0.0
Glenn Wiersteiner,Asian,male,0.0,USA,25.0,94043,2,2.51,0.4,3.0,2.52,-1.33,0.0,6.0,5.5,1.97,3.81,2.08,1.8,9.43,Engineering,Very Good,Good,1.0,1.0,0.0
Juanita Eddins,Other,female,0.0,USA,27.0,94087,2,3.01,0.43,5.0,2.59,-2.28,0.0,12.0,2.0,-1.27,1.65,-0.88,-0.11,7.12,Engineering,Ok,Good,1.0,1.0,0.0
Grant Devlin,African-American,male,0.0,USA,22.0,94085,2,2.61,0.67,0.0,2.57,-1.05,0.0,10.0,3.0,-0.14,1.96,1.29,0.99,7.97,Sciences,Very Good,Bad,0.0,0.0,0.0
Arthur Reilly,Asian,male,2.0,USA,26.0,94010,2,3.91,0.55,3.0,4.13,3.35,0.0,33.0,3.0,-0.13,1.25,-1.69,-1.68,4.8,Engineering,Ok,Good,1.0,0.0,0.0
Steven Johnson,Hispanic,male,0.0,Australia,29.0,94609,2,3.05,0.74,3.0,3.11,-0.45,1.0,50.0,1.0,-1.53,3.36,2.11,1.8,9.24,Engineering,Ok,Bad,0.0,0.0,0.0
Denis Blair,Asian,male,0.0,USA,26.0,94609,2,1.95,0.55,3.0,2.36,-2.08,0.0,50.0,0.0,-3.14,2.34,0.82,0.34,7.29,Engineering,Ok,Bad,0.0,0.0,0.0
Chandra Ellis,Caucasian,female,1.0,USA,29.0,94509,2,1.98,0.48,6.0,2.6,-2.3,0.0,71.0,0.0,-2.74,3.2,2.8,2.57,10.14,Engineering,Ok,Good,0.0,0.0,0.0
Sandra Maldonado,Caucasian,female,0.0,USA,24.0,94061,2,3.11,0.31,1.0,2.37,-1.51,0.0,22.0,7.0,3.43,0.94,0.05,-0.8,5.43,Quantitative,Ok,Bad,0.0,0.0,0.0
Ernest Cassel,Other,male,0.0,USA,31.0,94587,2,3.0,0.36,5.5,2.43,-2.91,0.0,30.0,2.5,-0.65,0.4,-3.23,-2.52,4.17,Engineering,Ok,Bad,0.0,0.0,0.0
Jason King,Asian,male,1.0,USA,21.0,94560,2,2.22,0.64,-1.0,1.02,-5.95,0.0,29.0,5.0,1.64,1.36,-1.26,-1.13,5.69,Quantitative,Ok,Bad,0.0,1.0,0.0
Frances Loveless,Caucasian,female,1.0,USA,24.0,94304,2,2.92,0.52,3.0,3.16,0.49,0.0,19.0,7.0,3.16,2.59,1.93,0.93,7.67,Humanities,Very Good,Good,0.0,0.0,0.0
William Beck,Caucasian,male,0.0,Australia,29.0,95002,2,2.73,0.17,2.0,1.76,-3.28,3.0,15.0,5.0,1.97,1.08,-2.69,-2.62,3.89,Engineering,None,Good,1.0,1.0,0.0
James Texeira,Caucasian,male,0.0,USA,29.0,94720,2,2.47,0.21,4.0,1.85,-3.62,0.0,58.0,1.0,-1.91,3.49,3.35,2.44,9.61,Engineering,None,Good,0.0,0.0,0.0
Samuel Wright,Caucasian,male,0.0,USA,25.0,94544,2,2.98,0.19,3.0,1.94,-3.55,0.0,31.0,5.0,1.05,0.56,-2.55,-2.73,3.49,Quantitative,None,Bad,0.0,1.0,0.0
Tessie Cohen,Asian,female,0.0,USA,28.0,94903,2,3.47,0.57,4.0,3.26,-0.24,0.0,70.0,3.5,0.84,0.9,-1.37,-1.03,5.74,Humanities,None,Good,0.0,0.0,0.0
Phillip Hall,Asian,male,2.0,USA,29.0,94503,2,3.32,0.45,6.0,4.16,2.77,0.0,83.0,0.0,-5.16,1.17,-1.79,-0.04,7.46,Sciences,Very Good,Good,0.0,0.0,0.0
Jill Smith,Caucasian,female,0.0,USA,26.0,94403,2,2.34,0.71,3.0,2.13,-3.81,0.0,26.0,0.5,-2.42,3.06,2.32,2.21,9.73,Engineering,Ok,Bad,0.0,1.0,1.0
Angel Barfoot,Caucasian,male,1.0,USA,23.0,94040,2,2.05,0.24,-1.0,1.06,-4.83,2.5,3.0,4.0,0.88,3.17,1.38,1.43,9.02,Engineering,None,Good,0.0,0.0,0.0
Arnulfo Perez,Caucasian,male,0.0,USA,26.0,94542,2,3.24,0.62,1.5,3.13,0.26,2.5,41.0,4.0,1.07,1.6,-0.18,0.37,7.57,Quantitative,Very Good,Good,0.0,1.0,0.0
Harold Lovern,African-American,male,1.0,USA,29.0,94549,2,2.99,0.48,6.5,3.66,0.99,0.0,53.0,1.5,-1.35,0.97,-1.69,-1.27,5.53,Quantitative,Ok,Good,0.0,0.0,0.0
Daniel Burrell,Caucasian,male,0.0,USA,27.0,94022,2,4.04,0.21,1.0,3.09,0.51,4.0,13.0,7.0,3.38,3.15,1.57,0.4,7.24,Quantitative,Ok,Good,0.0,0.0,0.0
John Chappell,Caucasian,male,1.0,USA,27.0,94043,2,2.7,0.24,4.0,2.79,-0.67,0.0,5.0,2.5,-0.72,1.49,-1.19,-0.55,6.47,Engineering,None,Bad,1.0,0.0,0.0
Olive Camper,Hispanic,female,0.0,Australia,28.0,94070,2,3.87,0.69,4.0,3.36,-0.28,0.0,27.0,7.0,3.79,2.1,-0.23,0.48,7.85,Quantitative,None,Bad,0.0,0.0,0.0
Karl Santos,Hispanic,male,0.0,USA,23.0,94510,2,3.33,0.45,0.0,1.91,-3.21,0.0,69.0,4.5,1.42,1.66,-0.28,0.16,7.29,Engineering,None,Bad,0.0,1.0,1.0
Lee Carrier,Caucasian,male,1.0,USA,27.0,94010,2,3.28,0.29,3.5,2.84,-0.76,0.0,33.0,1.0,-1.8,1.18,-3.61,-4.28,1.83,Engineering,None,Bad,0.0,0.0,0.0
Henry Hawkins,African-American,male,0.0,USA,25.0,94043,2,2.96,0.38,3.0,2.56,-1.48,0.0,5.0,1.0,-1.67,1.09,-1.47,-1.32,5.33,Engineering,None,Good,0.0,1.0,0.0
John Gormley,Caucasian,male,1.0,USA,27.0,94538,2,2.76,0.33,4.0,2.11,-3.64,0.0,21.0,4.0,0.53,3.26,2.97,2.5,9.84,Engineering,None,Bad,0.0,0.0,0.0
Cynthia Miller,Caucasian,female,0.0,USA,33.0,94061,2,2.68,0.5,6.0,3.08,-1.14,4.0,22.0,6.0,2.79,2.4,0.73,0.1,7.03,Humanities,Very Good,Bad,0.0,0.0,0.0
Michael Allen,African-American,male,2.0,USA,26.0,94070,2,3.67,0.4,3.0,3.55,1.45,0.0,27.0,5.0,1.17,1.44,-1.01,-0.06,7.23,Sciences,None,Good,0.0,0.0,0.0
Karen Powell,Asian,female,1.0,USA,27.0,94945,2,3.01,0.79,2.5,3.63,1.44,0.0,77.0,4.0,1.38,3.3,2.39,1.63,8.89,Quantitative,Ok,Good,0.0,0.0,0.0
Angelita Nelson,Caucasian,female,1.0,USA,26.0,94564,2,3.4,0.76,3.0,4.3,3.29,0.0,62.0,2.5,-0.48,0.72,-1.3,-1.43,4.97,Quantitative,Very Good,Bad,1.0,0.0,0.0
Jeremiah Escobar,Caucasian,male,0.0,USA,33.0,95035,2,2.9,0.33,4.0,2.29,-2.76,5.0,18.0,9.0,5.55,2.62,1.77,0.88,7.78,Engineering,Ok,Bad,0.0,0.0,0.0
Lance Kugler,African-American,male,0.0,USA,22.0,94801,2,2.72,0.38,0.5,2.05,-2.6,0.0,63.0,0.0,-2.79,1.51,-1.27,-0.83,6.14,Engineering,None,Bad,0.0,0.0,0.0
Kristi Williams,Caucasian,female,0.0,USA,23.0,94040,2,3.08,0.4,0.0,1.97,-3.25,0.0,2.0,3.5,0.02,0.07,-2.45,-3.44,2.22,Quantitative,None,Good,0.0,0.0,0.0
Christina Gibbs,Caucasian,female,1.0,USA,29.0,94538,2,2.6,0.69,6.0,3.27,-0.87,0.0,21.0,3.5,0.47,3.82,3.79,2.64,9.93,Engineering,Ok,Bad,1.0,0.0,0.0
Martha Leavens,African-American,female,1.0,USA,27.0,94595,2,3.3,0.67,3.0,2.85,-1.46,1.5,56.0,2.0,-0.77,4.66,4.86,3.78,11.36,Engineering,Ok,Bad,0.0,0.0,0.0
Thomas Finley,Caucasian,male,0.0,USA,28.0,94028,2,1.91,0.21,4.0,1.65,-4.39,2.0,23.0,3.0,-0.14,1.67,-1.66,-1.76,4.87,Quantitative,Ok,Bad,1.0,0.0,0.0
Betty Schill,Caucasian,female,0.0,USA,26.0,94587,2,3.2,0.4,2.0,3.15,0.48,0.0,30.0,4.0,1.22,2.79,1.87,2.03,9.48,Engineering,Ok,Bad,0.0,1.0,0.0
Clint Zuniga,Asian,male,2.0,USA,26.0,94043,2,3.92,0.64,4.5,4.17,2.47,0.0,7.0,5.0,1.38,0.38,-2.16,-3.02,2.86,Engineering,None,Good,0.0,0.0,0.0
Doris Martinez,Caucasian,female,0.0,USA,26.0,94588,2,3.61,0.45,2.0,2.31,-2.98,0.0,36.0,2.5,-0.38,2.19,-0.92,-0.59,6.65,Quantitative,Ok,Bad,0.0,0.0,0.0
Catherine Zenker,Asian,female,1.0,USA,32.0,94595,2,3.53,0.6,5.5,3.81,0.8,1.0,56.0,1.0,-1.68,1.97,-0.63,-1.47,4.99,Quantitative,Ok,Good,0.0,0.0,0.0
Eileen Eaton,Caucasian,female,1.0,USA,30.0,94070,2,3.76,0.36,8.0,4.73,3.95,0.0,27.0,5.0,1.54,1.24,-2.16,-2.18,4.35,Engineering,Ok,Good,1.0,0.0,0.0
Ida Gardner,African-American,female,1.0,USA,22.0,94089,2,3.1,0.67,0.0,2.77,-0.44,0.0,11.0,5.5,2.24,0.47,-3.48,-2.36,4.49,Engineering,Ok,Good,0.0,0.0,0.0
Anastasia Rico,Caucasian,female,0.0,USA,30.0,94089,2,3.54,0.48,4.0,2.94,-1.66,3.5,11.0,6.0,2.32,0.42,-2.42,-1.93,4.69,Engineering,None,Good,0.0,0.0,1.0
James Mitchell,African-American,male,1.0,USA,28.0,94028,2,3.02,0.4,4.5,2.75,-1.78,0.0,23.0,1.5,-1.35,2.85,-0.3,-1.37,5.3,Humanities,None,Bad,1.0,0.0,0.0
Denise Yanez,African-American,female,0.0,USA,27.0,94040,2,2.51,0.36,4.5,2.32,-3.1,0.0,1.0,3.0,0.09,3.0,3.05,2.77,10.2,Engineering,Ok,Good,0.0,0.0,0.0
Vincent Malkani,African-American,male,2.0,USA,30.0,94019,2,3.09,0.43,5.0,3.71,1.41,2.0,46.0,3.0,0.27,2.36,1.21,1.05,8.14,Engineering,None,Good,0.0,0.0,0.0
Nicole Roach,Caucasian,female,0.0,USA,29.0,94566,2,2.69,0.6,1.0,2.71,-0.99,0.0,35.0,5.0,1.83,2.34,1.76,2.34,10.02,Engineering,None,Bad,0.0,0.0,0.0
James Harris,Caucasian,male,2.0,USA,24.0,94605,2,3.02,0.74,4.0,3.76,1.11,0.0,42.0,5.0,1.8,4.35,4.29,3.49,11.11,Engineering,Ok,Good,0.0,0.0,0.0
John Harewood,Caucasian,male,0.0,USA,25.0,94709,2,3.13,0.48,5.0,3.25,-0.29,0.0,59.0,4.0,1.14,4.37,3.4,3.4,11.48,Quantitative,None,Good,0.0,0.0,0.0
William Sakai,Hispanic,male,0.0,USA,29.0,94089,2,3.55,0.83,2.0,3.95,1.86,0.0,11.0,4.0,1.04,1.15,-2.07,-0.84,6.38,Engineering,Ok,Good,0.0,0.0,0.0
Virgina Sedrakyan,Caucasian,female,1.0,USA,27.0,94061,2,2.85,0.76,3.5,2.95,-1.69,0.0,22.0,5.0,1.13,2.93,1.66,1.8,9.25,Sciences,Very Good,Bad,0.0,0.0,0.0
Victor Mack,Caucasian,male,1.0,USA,23.0,94014,2,3.81,0.33,1.0,3.15,0.52,0.0,43.0,0.0,-2.47,0.83,-4.42,-4.33,2.05,Engineering,Ok,Good,0.0,0.0,0.0
Sam Mendieta,Caucasian,male,1.0,USA,25.0,94603,2,2.49,0.4,2.0,1.84,-3.93,1.5,40.0,2.0,-1.35,3.81,3.67,2.92,10.38,Quantitative,None,Good,0.0,0.0,0.0
Tanya Reynolds,Caucasian,female,0.0,USA,24.0,94025,2,3.26,0.43,1.0,2.62,-1.39,0.0,20.0,4.5,1.23,3.87,3.54,3.48,11.26,Quantitative,Ok,Good,0.0,0.0,0.0
Tennille Lacey,Asian,female,0.0,USA,25.0,94040,2,2.62,0.38,2.0,1.47,-5.75,0.0,4.0,3.0,0.01,0.47,-3.07,-2.94,3.45,Sciences,None,Good,0.0,0.0,1.0
Phyllis Steward,Asian,female,0.0,Canada,22.0,94304,2,3.07,0.57,1.0,2.76,-1.15,0.0,19.0,7.0,3.44,0.68,-1.92,-2.42,3.71,Quantitative,Very Good,Good,0.0,0.0,0.0
Mary Sealey,Caucasian,female,1.0,USA,24.0,95002,2,3.38,0.5,3.0,3.65,1.47,0.0,15.0,3.0,-0.53,4.32,3.66,3.25,11.04,Engineering,Very Good,Good,0.0,0.0,0.0
Amie Vargas,Asian,female,1.0,USA,26.0,94586,2,2.88,0.6,4.5,3.25,-0.44,0.0,38.0,3.0,0.23,2.27,0.77,1.03,8.35,Humanities,Ok,Bad,0.0,0.0,0.0
James Putt,Caucasian,male,2.0,USA,28.0,94105,2,3.56,0.79,2.0,3.89,1.87,0.0,45.0,4.0,1.06,0.7,-1.34,-0.92,5.74,Engineering,Ok,Bad,0.0,0.0,0.0
Melvin Stanely,African-American,male,0.0,USA,22.0,94564,2,2.56,0.4,-1.0,1.75,-3.43,0.0,62.0,6.0,2.93,2.34,0.45,-0.14,6.67,Engineering,Ok,Good,0.0,0.0,0.0
Alan Vergara,Caucasian,male,0.0,Australia,25.0,94538,2,3.06,0.29,4.5,2.61,-2.37,0.0,21.0,4.5,1.28,1.68,-1.65,-1.02,6.07,Engineering,Ok,Good,0.0,0.0,0.0
Laurie Moore,Asian,female,0.0,China,29.0,94545,2,3.05,0.38,7.0,3.54,-0.05,0.0,37.0,1.5,-1.31,3.13,1.87,1.4,8.59,Quantitative,Very Good,Bad,0.0,0.0,0.0
Ruthie Kisner,Caucasian,female,0.0,USA,34.0,94087,2,2.34,0.07,5.5,2.68,-1.35,0.0,12.0,4.0,0.89,1.63,0.16,0.64,7.76,Humanities,Ok,Good,0.0,0.0,0.0
Brandon Blackburn,Caucasian,male,0.0,USA,27.0,94114,2,3.17,0.43,3.0,2.8,-1.58,1.5,47.0,3.0,-0.04,2.61,0.79,0.45,7.48,Engineering,Ok,Bad,0.0,0.0,0.0
Barry Brandt,Asian,male,0.0,USA,25.0,94542,2,2.54,0.43,2.5,1.91,-4.43,0.0,41.0,6.0,2.59,2.46,1.98,2.03,9.42,Engineering,None,Bad,0.0,0.0,0.0
Holli Lopez,Caucasian,female,1.0,USA,29.0,94085,2,4.11,0.74,3.0,3.9,1.23,0.0,10.0,2.0,-0.55,1.68,1.04,0.75,7.55,Engineering,None,Bad,0.0,1.0,0.0
Michael Serrell,Hispanic,male,0.0,USA,26.0,94043,2,3.2,0.48,4.0,3.32,-0.2,0.0,6.0,5.0,1.52,0.45,-2.43,-1.95,4.63,Engineering,Very Good,Good,0.0,0.0,0.0
Vicky Foster,Caucasian,female,0.0,USA,29.0,94503,2,2.17,0.29,5.0,2.87,-1.12,0.0,83.0,2.0,-0.56,2.78,-0.5,0.39,8.09,Engineering,Very Good,Good,1.0,0.0,0.0
Courtney Tiemann,Caucasian,female,1.0,USA,30.0,94022,2,2.33,0.29,7.0,2.61,-2.79,0.0,13.0,4.0,0.28,0.35,-1.39,-1.93,4.05,Quantitative,Very Good,Bad,0.0,1.0,0.0
Laurie Werner,Caucasian,female,1.0,USA,27.0,95002,2,2.77,0.07,1.5,1.84,-3.46,0.0,15.0,2.0,-0.87,1.32,-1.28,-1.02,5.73,Engineering,None,Bad,0.0,1.0,1.0
Frank Pascoe,Caucasian,male,0.0,USA,24.0,94085,2,2.63,0.74,2.5,2.77,-1.73,0.0,10.0,0.5,-2.29,1.95,-0.56,0.04,7.35,Quantitative,Ok,Good,0.0,0.0,0.0
Marie Heck,Hispanic,female,0.0,USA,26.0,94603,2,3.77,0.52,2.0,3.02,-1.1,0.0,40.0,3.0,0.31,0.7,-1.88,-2.5,3.52,Quantitative,None,Bad,0.0,0.0,0.0
Josephine Justice,Caucasian,female,1.0,Australia,25.0,94085,2,3.53,0.31,0.0,2.03,-3.42,0.0,8.0,4.0,1.11,1.63,-2.02,-1.67,5.21,Quantitative,Ok,Good,0.0,1.0,0.0
Loren White,Caucasian,male,0.0,USA,25.0,94301,2,3.15,0.26,3.0,2.97,-0.39,0.0,17.0,2.0,-0.9,0.84,-1.85,-0.95,6.01,Quantitative,Ok,Good,0.0,0.0,0.0
Wallace Ragland,African-American,male,0.0,USA,24.0,94578,2,3.03,0.43,0.0,2.36,-2.15,1.5,39.0,2.0,-0.72,2.43,1.36,1.01,8.16,Engineering,Ok,Bad,0.0,0.0,0.0
Dorothy Marshall,African-American,female,0.0,USA,27.0,94941,2,3.23,0.4,2.0,3.2,0.09,0.0,75.0,1.0,-1.14,1.82,-0.36,-0.06,6.98,Engineering,Very Good,Bad,0.0,0.0,0.0
James Reedy,Caucasian,male,0.0,USA,27.0,94043,2,2.88,0.57,4.0,2.91,-1.44,3.0,7.0,4.0,0.64,1.27,-2.29,-2.28,4.41,Quantitative,None,Bad,0.0,1.0,0.0
Kenneth Wade,Caucasian,male,1.0,USA,27.0,94566,2,3.07,0.38,2.0,2.26,-3.27,0.0,35.0,1.5,-1.32,0.0,-4.76,-3.89,2.5,Sciences,None,Bad,0.0,1.0,0.0
Ryan Donnerberg,African-American,male,0.0,USA,28.0,94402,2,2.01,0.1,5.5,1.52,-5.8,0.0,28.0,0.0,-3.91,1.49,-2.24,-3.23,2.84,Engineering,Ok,Good,0.0,1.0,1.0
Robert Fowler,Asian,male,1.0,Australia,28.0,94131,2,2.87,0.74,4.0,3.6,0.1,0.0,44.0,1.0,-1.99,2.44,0.06,0.76,8.25,Engineering,Ok,Good,0.0,0.0,0.0
Daniel Teixeira,Caucasian,male,0.0,USA,23.0,94014,2,3.17,0.05,1.0,2.12,-2.6,0.0,43.0,1.0,-1.8,1.46,-0.92,0.22,7.68,Engineering,Ok,Good,0.0,0.0,0.0
Trevor Pai,Caucasian,male,0.0,USA,27.0,94085,2,2.79,0.69,4.0,3.38,-0.41,0.0,8.0,2.5,-0.63,3.03,2.31,1.75,9.03,Quantitative,None,Good,0.0,0.0,0.0
Millicent Ward,Caucasian,female,1.0,USA,26.0,94087,2,3.49,0.36,2.0,2.63,-2.27,3.0,12.0,5.0,1.81,2.64,-0.45,-0.12,7.41,Engineering,Ok,Good,0.0,1.0,0.0
Ollie Davis,Asian,male,0.0,USA,29.0,94720,2,3.63,0.52,5.0,3.54,-0.14,0.0,58.0,2.0,-0.8,1.38,-0.22,0.33,7.44,Engineering,Ok,Bad,0.0,0.0,0.0
Hazel Nichols,Caucasian,female,0.0,USA,24.0,94586,2,2.59,0.52,2.5,3.16,-0.0,0.0,38.0,2.0,-0.67,2.8,1.21,0.28,7.12,Humanities,None,Good,0.0,0.0,0.0
Fred Moreno,Caucasian,male,0.0,Canada,24.0,94587,2,2.27,0.45,1.5,1.6,-5.2,0.0,30.0,3.0,-0.13,3.02,1.25,1.08,8.47,Engineering,None,Bad,0.0,1.0,1.0
Raymond Hennessy,Caucasian,male,2.0,USA,23.0,94588,2,3.41,0.76,0.5,3.81,1.93,0.0,36.0,2.0,-1.06,3.14,1.44,0.4,7.32,Engineering,Ok,Bad,1.0,0.0,0.0
Ann Littman,Caucasian,female,0.0,USA,26.0,94027,2,3.17,0.14,1.5,2.7,-0.99,0.0,24.0,6.0,2.68,2.06,-0.86,-1.7,4.83,Engineering,Ok,Good,0.0,0.0,0.0
Kent Musick,Asian,male,0.0,China,20.0,94121,2,3.14,0.74,-2.0,3.51,1.95,0.0,54.0,5.0,2.31,1.09,-1.04,-0.54,6.5,Engineering,Ok,Good,0.0,0.0,0.0
Anthony Wang,Caucasian,male,1.0,USA,27.0,94085,2,2.96,0.4,3.5,3.06,-0.77,3.0,8.0,5.0,1.36,2.23,-0.46,-0.95,5.82,Humanities,None,Bad,0.0,1.0,0.0
Francisco Edgar,Caucasian,male,1.0,USA,23.0,94019,2,3.65,0.67,0.0,2.77,-1.78,0.0,46.0,0.5,-1.83,3.75,3.33,2.25,9.56,Engineering,Ok,Good,0.0,0.0,0.0
Lisa Donahue,Asian,female,0.0,USA,22.0,94578,2,2.8,0.19,0.5,1.67,-4.29,0.0,39.0,4.0,1.42,2.15,0.3,-0.34,6.23,Engineering,Ok,Bad,0.0,1.0,1.0
Elizabeth Simpson,African-American,female,0.0,USA,24.0,94105,2,2.85,0.48,1.5,3.22,0.35,0.0,45.0,4.0,0.71,2.83,1.98,1.61,8.81,Engineering,None,Good,1.0,0.0,0.0
Phillip Lankford,Caucasian,male,0.0,USA,29.0,94525,2,3.3,0.33,4.5,2.85,-2.07,1.0,64.0,1.0,-1.74,1.55,0.12,1.31,8.77,Quantitative,Ok,Good,0.0,0.0,0.0
Margaret Sarkisian,Caucasian,female,1.0,USA,25.0,94542,1,3.2,0.43,-1.0,2.24,-2.48,0.0,41.0,2.0,-0.75,3.6,1.19,0.01,6.98,Engineering,None,Good,1.0,1.0,0.0
Darlene Bravo,African-American,female,0.0,USA,25.0,94014,1,2.42,0.43,2.5,2.46,-2.52,0.0,43.0,5.0,2.18,0.03,-2.29,-2.47,3.53,Quantitative,Ok,Good,1.0,0.0,0.0
Nicole Donnerberg,Asian,female,0.0,USA,22.0,94043,1,2.66,0.19,0.0,1.68,-3.96,0.0,7.0,3.5,0.2,1.54,-1.17,-1.25,5.47,Sciences,Ok,Good,1.0,0.0,0.0
Margaret Luna,Other,female,0.0,USA,30.0,95002,1,3.57,0.43,4.0,3.13,-1.02,0.0,14.0,5.0,1.7,1.96,-1.32,-2.42,3.86,Quantitative,None,Bad,0.0,0.0,0.0
Anita Hamilton,Asian,female,1.0,USA,24.0,94014,1,2.47,0.26,-1.0,1.87,-2.57,0.0,43.0,3.0,-0.0,1.32,-0.4,-0.83,5.7,Sciences,Ok,Bad,0.0,0.0,0.0
Sherry Mendenhall,Caucasian,female,2.0,USA,28.0,94539,1,4.11,0.5,4.0,4.45,3.15,0.0,25.0,6.0,2.92,1.85,0.55,0.8,7.93,Sciences,Ok,Good,0.0,0.0,0.0
Denise Dean,African-American,female,0.0,USA,27.0,94121,1,2.62,0.14,3.0,2.21,-2.95,0.0,54.0,0.0,-3.44,3.03,0.91,-0.12,6.72,Quantitative,Ok,Bad,0.0,0.0,0.0
Steven Perez,African-American,male,2.0,USA,29.0,95134,1,3.92,0.24,6.5,4.08,1.7,0.0,16.0,2.0,-1.56,1.53,-2.06,-2.53,3.85,Sciences,Ok,Good,1.0,0.0,0.0
Marcella Bartley,Hispanic,female,1.0,USA,25.0,94556,1,3.23,0.52,2.5,3.45,0.59,0.0,65.0,2.5,-0.37,2.14,-0.04,0.58,7.99,Quantitative,Ok,Good,0.0,0.0,0.0
Joe Whiteman,Caucasian,male,0.0,USA,25.0,94569,1,2.93,0.26,1.0,2.16,-3.09,2.5,68.0,4.0,1.07,2.66,2.85,2.31,9.36,Engineering,Ok,Good,0.0,0.0,0.0
Kenneth Smart,Caucasian,male,1.0,USA,21.0,94523,1,2.17,0.5,-2.0,1.26,-5.19,0.0,55.0,0.0,-3.78,3.19,2.45,1.78,8.96,Engineering,Ok,Bad,0.0,1.0,1.0
Dennis Broyles,African-American,male,0.0,USA,29.0,94019,1,2.05,0.14,5.5,1.85,-5.1,1.5,46.0,2.0,-1.06,3.03,0.41,0.13,7.32,Engineering,None,Bad,0.0,1.0,1.0
Carmen Trojanowski,Asian,female,0.0,USA,24.0,94028,1,2.53,0.29,1.0,2.07,-3.32,0.0,23.0,4.0,1.08,0.0,-3.58,-3.28,2.86,Quantitative,Ok,Bad,1.0,1.0,0.0
Carol Knowlton,African-American,female,1.0,USA,30.0,95035,1,3.52,0.1,4.0,3.01,-0.94,2.0,18.0,3.5,0.17,1.59,1.5,2.44,9.94,Quantitative,Very Good,Bad,0.0,0.0,0.0
Morris Blossom,Hispanic,male,2.0,USA,31.0,94043,1,3.9,0.21,7.0,4.89,4.6,0.0,5.0,6.0,2.33,3.74,2.0,1.66,9.13,Humanities,Very Good,Good,0.0,0.0,0.0
Mollie Cepeda,Caucasian,female,1.0,USA,23.0,94544,1,2.82,0.6,-2.0,1.73,-4.19,0.0,31.0,2.0,-0.68,2.52,1.15,0.61,7.62,Quantitative,Ok,Good,0.0,1.0,1.0
Connie Robinson,African-American,female,1.0,USA,29.0,94061,1,2.95,0.69,3.0,2.99,-1.8,3.0,22.0,5.0,1.58,0.08,-5.25,-3.84,2.8,Engineering,Very Good,Good,0.0,0.0,0.0
Jerry Bice,Caucasian,female,0.0,USA,26.0,94022,1,3.87,0.19,3.0,2.34,-3.45,0.0,13.0,2.0,-0.64,1.39,-0.03,-0.53,6.02,Quantitative,None,Bad,0.0,0.0,1.0
Thomas Wilkes,Caucasian,male,1.0,USA,24.0,94030,1,3.34,0.57,2.0,3.24,-0.42,0.0,34.0,3.0,0.03,1.53,0.01,0.46,7.6,Sciences,None,Good,0.0,0.0,0.0
Luis Pearson,Other,male,0.0,USA,24.0,94609,1,2.79,0.21,1.5,2.09,-3.39,0.0,50.0,1.0,-1.55,2.33,1.09,1.97,9.65,Engineering,None,Good,1.0,1.0,0.0
Cindy Savitch,Caucasian,female,0.0,USA,28.0,94618,1,2.52,0.45,2.0,1.78,-5.25,0.0,51.0,1.5,-1.15,1.84,-0.73,-0.21,6.94,Engineering,None,Good,0.0,0.0,0.0
Marguerite Crider,African-American,female,0.0,USA,30.0,94605,1,3.65,0.26,5.0,3.8,1.07,0.0,42.0,5.5,2.27,2.55,2.22,1.59,8.58,Humanities,Very Good,Bad,0.0,0.0,0.0
Karen Hunt,African-American,female,1.0,USA,26.0,94027,1,2.98,0.55,3.0,2.58,-3.04,0.0,24.0,3.0,0.63,3.2,0.92,1.15,8.8,Engineering,None,Good,0.0,0.0,0.0
Danny Davis,African-American,male,0.0,USA,24.0,94121,1,2.97,0.52,1.0,2.54,-2.64,0.0,54.0,0.0,-4.19,0.09,-3.96,-3.07,3.46,Quantitative,Ok,Good,1.0,1.0,0.0
Jack Troilo,Asian,male,1.0,USA,21.0,94539,1,3.52,0.02,-1.0,1.71,-3.7,0.0,25.0,3.0,0.01,0.75,-0.75,-0.1,6.89,Quantitative,None,Bad,0.0,1.0,0.0
Ian Kuhlman,Caucasian,male,1.0,USA,28.0,94105,1,3.56,0.38,5.0,2.81,-2.73,1.5,45.0,2.0,-0.93,0.85,-2.51,-1.94,4.88,Quantitative,None,Bad,0.0,0.0,0.0
Charlene Mason,Hispanic,female,0.0,USA,24.0,94611,1,3.53,0.07,3.0,2.27,-3.44,0.0,52.0,3.0,-0.08,1.16,-1.72,-0.45,6.91,Engineering,None,Good,0.0,1.0,0.0
Truman Loyd,African-American,male,0.0,USA,28.0,95002,1,2.74,0.26,3.0,2.06,-4.34,0.0,15.0,4.0,0.65,0.98,-0.87,-1.31,5.06,Engineering,None,Good,0.0,1.0,0.0
James Bolton,Caucasian,male,1.0,USA,28.0,94538,1,2.91,0.26,3.0,1.85,-5.2,0.0,21.0,6.0,2.23,1.86,-1.42,-1.42,5.44,Engineering,None,Bad,0.0,1.0,1.0
Gary Redwine,Caucasian,male,0.0,Canada,28.0,94502,1,3.02,0.29,4.5,2.7,-2.46,0.0,49.0,1.0,-1.75,1.59,-1.03,-1.37,5.23,Quantitative,None,Good,0.0,0.0,0.0
John Mcbride,Asian,male,0.0,USA,26.0,94544,1,2.78,0.38,4.5,2.38,-3.81,0.0,31.0,4.0,0.98,3.85,3.7,3.5,11.32,Quantitative,Ok,Good,0.0,0.0,0.0
Margaret Moore,Caucasian,female,1.0,Australia,25.0,94578,1,3.11,0.64,1.0,3.42,0.24,0.0,39.0,6.0,1.89,3.0,0.22,-0.46,6.52,Quantitative,None,Good,0.0,0.0,0.0
William Mcmanus,Caucasian,male,0.0,USA,28.0,94566,1,3.15,0.45,5.0,3.25,-1.08,0.0,35.0,0.0,-2.3,0.28,-2.89,-2.72,3.59,Engineering,Very Good,Bad,0.0,0.0,0.0
Paul Kizer,Asian,male,1.0,USA,29.0,94545,1,3.27,0.31,2.0,2.49,-2.73,1.0,37.0,1.5,-1.43,3.78,1.59,0.79,8.04,Engineering,Very Good,Good,0.0,0.0,1.0
Calvin Jenkins,Caucasian,male,0.0,USA,28.0,94595,1,2.78,-0.0,3.0,2.02,-3.91,0.0,56.0,5.0,1.84,2.63,0.73,1.33,8.93,Quantitative,Ok,Bad,0.0,0.0,0.0
Kerry Jones,Hispanic,male,1.0,USA,26.0,94043,1,2.96,0.57,2.5,3.44,-0.11,0.0,7.0,3.5,0.1,2.84,0.33,0.33,7.63,Engineering,Ok,Good,0.0,0.0,0.0
Jerald Guzman,Caucasian,male,1.0,USA,27.0,94070,1,2.75,0.38,0.0,1.25,-6.44,3.0,27.0,5.5,2.21,1.64,-0.84,-0.57,6.42,Quantitative,None,Bad,0.0,1.0,1.0
Vincent Hamby,Asian,male,0.0,USA,25.0,94720,1,2.35,0.79,3.0,2.98,-1.73,0.0,58.0,3.5,0.68,1.95,-0.72,-1.96,4.3,Quantitative,None,Bad,0.0,0.0,0.0
Robert Harden,Other,male,0.0,USA,25.0,94801,1,2.66,0.71,1.0,2.13,-4.46,0.0,63.0,4.0,1.33,4.2,3.01,3.21,11.28,Engineering,Ok,Good,0.0,1.0,0.0
Matthew Anderson,Caucasian,female,0.0,USA,30.0,94595,1,3.05,0.6,5.5,3.37,-1.5,0.0,56.0,3.0,0.32,1.1,-0.33,-0.02,6.79,Quantitative,None,Good,1.0,0.0,0.0
Aaron Denning,Caucasian,male,0.0,USA,26.0,94301,1,2.79,0.45,4.5,3.11,-1.58,0.0,17.0,5.0,1.9,0.73,-1.61,-2.02,4.28,Quantitative,None,Good,0.0,0.0,0.0
Geoffrey Moore,Other,male,1.0,USA,25.0,94043,1,2.76,0.62,0.0,2.15,-4.25,0.0,6.0,3.0,-0.47,4.28,3.13,2.36,10.03,Quantitative,None,Bad,0.0,1.0,0.0
Thaddeus Gentry,Caucasian,male,0.0,USA,25.0,94014,1,3.21,0.43,2.0,2.78,-2.1,0.0,43.0,3.0,-0.06,1.79,-0.0,0.7,8.06,Engineering,None,Bad,0.0,0.0,0.0
Norman Lawrence,Caucasian,male,0.0,USA,25.0,94043,1,2.59,0.19,2.5,1.77,-4.94,1.0,6.0,2.0,-1.51,1.44,-1.67,-1.71,4.95,Quantitative,None,Bad,0.0,1.0,1.0
Richard Lund,Caucasian,male,1.0,USA,30.0,95134,1,3.35,0.48,1.0,2.47,-3.13,3.0,16.0,5.0,1.5,1.12,-0.89,-1.12,5.44,Quantitative,Very Good,Bad,0.0,0.0,0.0
Ed Thresher,Caucasian,male,1.0,USA,25.0,94089,1,2.63,0.5,4.0,2.47,-3.63,0.0,11.0,4.0,0.91,2.92,2.09,2.31,9.86,Engineering,None,Bad,1.0,0.0,0.0
Nicholas Beal,Caucasian,male,0.0,Australia,22.0,94043,1,1.64,0.14,0.5,1.25,-5.68,0.0,6.0,1.0,-1.88,0.99,-1.81,-1.43,5.38,Engineering,Ok,Good,0.0,0.0,0.0
Theresa Cardiel,Caucasian,female,1.0,USA,25.0,94578,1,2.27,0.17,1.0,1.47,-5.28,0.0,39.0,0.0,-3.06,1.35,-0.55,-0.41,6.39,Sciences,Ok,Good,0.0,1.0,1.0
Carl Soriano,African-American,male,1.0,USA,18.0,94085,1,2.88,0.45,-3.0,1.86,-3.49,0.0,8.0,0.0,-3.25,1.59,-1.17,-0.56,6.56,Sciences,Ok,Good,0.0,0.0,0.0
Linda Ballard,Asian,female,0.0,USA,25.0,94603,1,2.78,0.12,1.0,1.24,-6.52,0.0,40.0,0.0,-2.68,1.19,-1.5,-0.83,6.2,Humanities,Ok,Good,0.0,1.0,1.0
Sylvia Goldbeck,Hispanic,female,1.0,Mexico,25.0,94801,1,3.69,0.55,-1.0,2.86,-1.22,0.0,63.0,2.5,0.03,0.76,-2.91,-3.03,3.31,Engineering,None,Good,0.0,0.0,0.0
Alvin Gholston,Asian,male,0.0,USA,24.0,94544,1,3.3,0.38,2.0,3.01,-1.37,0.0,31.0,3.5,0.57,1.61,-1.93,-0.44,7.09,Humanities,Very Good,Good,0.0,1.0,0.0
Jennifer Jester,Caucasian,female,0.0,USA,23.0,94945,1,1.99,0.33,1.5,1.19,-6.86,0.0,77.0,1.0,-1.38,2.13,0.36,0.98,8.41,Sciences,Ok,Bad,0.0,0.0,0.0
Melvin Cuccia,African-American,male,1.0,USA,26.0,94028,1,3.38,0.4,4.0,3.14,-1.79,0.0,23.0,3.0,-0.18,1.49,-0.99,-1.3,5.41,Humanities,Very Good,Good,0.0,0.0,0.0
Richard Daniels,Asian,male,1.0,USA,26.0,94402,1,3.18,0.02,4.0,2.0,-4.84,0.0,28.0,5.0,1.22,0.67,-2.11,-1.93,4.62,Quantitative,Ok,Bad,0.0,1.0,1.0
Margaret Peterson,Other,female,0.0,USA,24.0,94010,1,2.68,0.36,1.0,2.28,-3.12,1.0,33.0,2.0,-0.97,3.73,2.87,2.34,9.87,Quantitative,Ok,Bad,1.0,1.0,1.0
Anna Coryell,Caucasian,female,0.0,USA,26.0,94061,1,2.4,0.14,0.0,1.43,-5.27,1.5,22.0,1.5,-1.47,2.69,0.65,-0.32,6.56,Engineering,Ok,Bad,0.0,1.0,1.0
Bryan Rowland,Caucasian,male,0.0,USA,24.0,94087,1,2.83,0.45,2.0,2.81,-2.01,0.0,12.0,4.0,0.89,2.44,-1.03,-0.03,7.55,Quantitative,Ok,Good,0.0,1.0,0.0
Ryan Dona,Other,male,0.0,USA,23.0,94109,1,2.64,0.57,3.0,2.18,-4.95,0.0,48.0,4.0,1.01,2.39,1.09,0.16,6.85,Engineering,Ok,Bad,0.0,0.0,0.0
Gary Templeton,Hispanic,male,0.0,USA,28.0,95002,1,2.37,0.52,3.0,1.52,-7.17,1.5,15.0,1.5,-1.52,3.07,1.18,0.33,7.2,Quantitative,Ok,Bad,0.0,1.0,1.0
Janice Butler,Caucasian,female,1.0,USA,28.0,94707,1,2.84,0.43,2.0,2.49,-3.53,0.0,61.0,1.0,-1.25,3.26,2.14,1.59,8.8,Engineering,Ok,Good,0.0,1.0,1.0
Kyle Kuhns,Caucasian,male,0.0,Canada,28.0,94010,1,3.3,0.57,2.0,2.1,-5.45,2.0,33.0,3.0,0.17,2.26,1.76,1.27,8.27,Quantitative,Very Good,Good,0.0,1.0,1.0
Bobby Bass,Caucasian,male,0.0,USA,23.0,94014,1,2.98,0.45,2.0,2.54,-3.37,0.0,43.0,4.0,0.86,1.66,0.72,1.06,8.22,Engineering,Ok,Bad,0.0,1.0,0.0
Larry Austin,Caucasian,male,0.0,USA,27.0,94603,1,2.36,0.24,0.5,1.6,-5.54,0.0,40.0,6.0,2.42,1.54,-1.22,-1.36,5.26,Humanities,None,Good,0.0,1.0,1.0
Shauna Howell,Caucasian,female,1.0,USA,27.0,94578,1,2.52,0.48,3.0,2.56,-3.36,0.0,39.0,3.0,0.33,2.45,0.46,0.71,8.01,Engineering,Very Good,Bad,0.0,0.0,0.0
Debra Heinz,Caucasian,female,0.0,USA,26.0,94566,1,3.6,0.48,3.5,3.47,-0.89,0.0,35.0,5.0,1.92,2.96,0.77,-0.15,6.76,Quantitative,None,Bad,0.0,0.0,0.0
Michael Perez,Caucasian,male,0.0,USA,29.0,94085,1,3.27,0.55,2.0,2.45,-4.06,2.0,10.0,3.5,0.49,3.22,1.67,1.66,9.15,Quantitative,None,Good,0.0,1.0,0.0
Caitlin Suttles,Caucasian,female,1.0,USA,24.0,94503,1,3.16,0.57,2.0,3.35,-0.93,0.0,82.0,0.0,-2.54,0.34,-1.7,-1.87,4.37,Engineering,Ok,Good,0.0,1.0,0.0
Roberta Doherty,Caucasian,female,1.0,USA,22.0,94542,1,2.84,0.29,0.5,2.03,-4.07,1.0,41.0,1.0,-1.86,2.35,1.93,0.94,7.66,Quantitative,Ok,Good,0.0,1.0,1.0
Noemi Lewis,Caucasian,female,0.0,USA,28.0,94960,1,3.17,0.33,2.0,2.09,-4.88,3.0,76.0,4.0,1.32,0.33,-3.94,-2.7,4.13,Sciences,Ok,Bad,0.0,1.0,1.0
Mary Crosby,African-American,female,1.0,USA,24.0,94010,1,2.72,0.07,1.0,1.77,-4.72,2.0,33.0,3.0,0.13,3.02,-1.14,-0.76,6.77,Quantitative,Ok,Good,0.0,1.0,1.0
Frank Torres,African-American,male,0.0,USA,23.0,95002,1,2.42,0.17,2.0,2.03,-4.38,0.0,14.0,3.0,0.15,3.31,3.22,3.63,11.58,Engineering,None,Good,0.0,0.0,0.0
Gordon Hines,Asian,male,1.0,USA,21.0,95002,1,2.16,0.33,-1.0,1.39,-5.83,0.0,15.0,5.0,2.01,2.57,0.62,0.93,8.34,Quantitative,None,Good,0.0,1.0,1.0
Beverly Sanchez,African-American,female,0.0,USA,23.0,94027,1,2.55,0.4,0.0,1.49,-6.59,0.0,24.0,3.0,-0.01,2.84,1.24,0.91,8.1,Engineering,Ok,Bad,0.0,0.0,0.0
Adele Kealoha,African-American,female,0.0,USA,25.0,95035,1,2.77,0.74,0.0,2.25,-4.57,0.0,18.0,0.0,-4.5,0.88,-2.58,-1.67,5.21,Engineering,None,Bad,1.0,1.0,0.0
Sean Price,Caucasian,male,0.0,USA,20.0,94114,1,3.93,0.36,-1.0,2.1,-4.7,0.0,47.0,3.0,0.29,2.39,0.15,-0.06,6.92,Sciences,Ok,Bad,0.0,1.0,1.0
Trevor Waggoner,Caucasian,male,0.0,USA,24.0,94040,1,3.44,0.79,3.0,3.4,-2.06,0.0,1.0,5.0,1.4,1.26,-0.62,-0.08,6.91,Quantitative,None,Good,0.0,0.0,0.0
Craig Wilson,Other,male,1.0,USA,23.0,94022,1,3.05,0.14,0.0,1.02,-7.89,0.0,13.0,5.0,1.36,2.02,0.37,0.35,7.43,Engineering,None,Bad,0.0,0.0,1.0
John Rivas,Caucasian,male,1.0,USA,25.0,94019,1,3.08,0.24,1.0,2.31,-3.92,1.0,46.0,1.5,-1.15,0.89,-2.88,-3.69,2.25,Engineering,None,Good,0.0,1.0,0.0
David Jacobson,Caucasian,male,1.0,USA,31.0,94121,1,2.54,0.43,5.0,2.71,-4.12,0.0,54.0,0.0,-2.4,0.17,-4.79,-3.54,3.05,Engineering,Ok,Bad,0.0,1.0,0.0
Stephen Gaut,Caucasian,male,1.0,USA,23.0,94545,1,2.51,0.21,0.0,1.79,-5.05,1.0,37.0,0.5,-2.44,0.46,-1.42,-0.97,5.66,Quantitative,None,Good,1.0,1.0,1.0
Scott Hannum,Asian,male,0.0,USA,24.0,94569,1,3.19,0.57,-1.0,2.18,-4.68,2.5,68.0,4.0,1.02,2.1,2.89,2.18,9.0,Engineering,Very Good,Bad,1.0,0.0,0.0
Jackie Thompson,African-American,female,1.0,Canada,25.0,94027,1,3.14,0.5,0.0,1.95,-5.45,0.0,24.0,3.0,0.06,2.64,2.1,2.23,9.64,Engineering,None,Bad,0.0,0.0,1.0
Michael Villagomez,African-American,male,0.0,USA,23.0,94544,1,3.16,0.55,1.0,2.21,-5.21,2.5,32.0,4.0,0.88,0.0,-3.18,-2.95,3.17,Quantitative,Ok,Good,0.0,0.0,0.0
Andrew Barton,Caucasian,male,0.0,USA,22.0,94542,1,2.66,0.69,-1.0,2.58,-2.88,0.0,41.0,3.0,0.28,1.47,-2.34,-2.42,4.1,Engineering,Ok,Good,0.0,0.0,0.0
Darwin Elwick,Caucasian,male,0.0,USA,26.0,94544,1,2.9,0.6,4.0,3.18,-2.57,0.0,32.0,4.5,1.15,3.08,2.96,1.92,8.89,Quantitative,Ok,Good,0.0,1.0,0.0
Ronald Freeman,Caucasian,male,1.0,USA,29.0,94105,1,2.45,0.38,1.0,1.7,-6.47,2.5,45.0,3.5,0.49,0.26,-3.73,-3.04,3.53,Quantitative,Ok,Bad,0.0,0.0,0.0
Danny Dolan,Caucasian,male,1.0,USA,23.0,94043,1,2.99,0.31,0.5,2.62,-3.24,0.0,7.0,1.5,-1.54,0.45,-2.09,-1.09,5.81,Quantitative,Ok,Good,0.0,0.0,0.0
Gary Hanson,Hispanic,male,0.0,Canada,24.0,94595,1,3.36,0.19,2.0,2.01,-5.95,0.0,56.0,3.0,0.18,1.09,-2.29,-2.45,3.98,Engineering,Very Good,Good,0.0,0.0,1.0
Rodney Dailey,Caucasian,male,0.0,USA,26.0,94523,1,2.48,0.43,1.0,2.11,-5.28,0.0,55.0,3.5,0.48,3.56,3.28,2.84,10.36,Quantitative,Ok,Good,0.0,0.0,0.0
Joseph Halstead,Caucasian,male,2.0,USA,24.0,94544,1,3.34,0.57,0.0,2.69,-3.49,0.0,31.0,2.0,-0.59,0.91,-2.67,-3.19,2.94,Engineering,None,Bad,1.0,1.0,0.0
David Collins,Caucasian,male,0.0,USA,22.0,95002,1,1.75,0.55,-1.0,1.57,-6.39,0.0,15.0,0.0,-2.89,3.11,2.53,2.47,9.84,Quantitative,Ok,Bad,0.0,0.0,0.0
Brian Frank,Caucasian,male,1.0,USA,25.0,94403,1,2.86,0.74,3.0,2.92,-4.05,0.0,26.0,0.0,-2.92,2.47,1.03,1.29,8.67,Engineering,Ok,Bad,0.0,1.0,0.0
Joseph Woods,Caucasian,male,1.0,USA,24.0,94085,1,3.54,0.21,1.0,2.17,-5.36,0.0,9.0,0.5,-2.2,2.1,0.96,1.11,8.27,Engineering,Ok,Bad,0.0,0.0,1.0
William Mckinney,Caucasian,male,0.0,Canada,24.0,94121,1,2.39,0.31,0.0,2.04,-5.31,0.0,54.0,2.5,-0.2,1.71,-0.37,-0.11,6.9,Engineering,None,Good,0.0,1.0,1.0
Rita Yu,Hispanic,female,0.0,USA,20.0,95035,1,2.52,0.55,-2.0,1.73,-6.29,0.0,18.0,5.5,1.76,0.28,-3.53,-4.01,1.83,Engineering,Ok,Good,0.0,1.0,1.0
Christopher Martin,Caucasian,male,0.0,USA,24.0,94019,1,2.88,0.67,2.0,3.29,-2.72,2.0,46.0,3.5,0.66,1.71,0.13,-0.09,6.78,Quantitative,Very Good,Good,1.0,0.0,0.0
Daniel Floyd,Caucasian,male,1.0,USA,26.0,95002,1,1.89,0.43,2.0,1.61,-8.12,0.0,15.0,2.0,-1.13,1.98,-0.56,-0.99,5.89,Engineering,Very Good,Bad,0.0,1.0,1.0
Richard Krell,African-American,male,0.0,USA,22.0,94085,1,3.07,0.33,0.0,1.67,-7.84,0.0,9.0,10.0,6.06,2.07,0.14,-0.8,5.74,Engineering,None,Bad,0.0,1.0,1.0
Daisy Cook,Hispanic,female,1.0,USA,21.0,94087,1,1.9,0.0,0.0,0.63,-10.36,0.0,12.0,4.0,0.48,0.67,-0.27,-0.85,5.34,Quantitative,Ok,Bad,0.0,1.0,1.0
